relation,kind,rows_estimate,relpages,heap_bytes,index_bytes,total_bytes
badges,table,439352,3648,29884416,9895936,39813120
badges_pkey,index,439352,1208,9895936,0,9895936
closereasontypes,table,12,1,8192,16384,57344
closereasontypes_pkey,index,12,2,16384,0,16384
comments,table,351440,11600,95027200,7921664,103006208
comments_pkey,index,351440,967,7921664,0,7921664
linktypes,table,2,1,8192,16384,57344
linktypes_pkey,index,2,2,16384,0,16384
posthistory,table,846990,63112,517013504,19062784,644349952
posthistory_pkey,index,846990,2327,19062784,0,19062784
posthistorytypes,table,34,1,8192,16384,57344
posthistorytypes_pkey,index,34,2,16384,0,16384
postlinks,table,20146,149,1220608,475136,1728512
postlinks_pkey,index,20146,58,475136,0,475136
posts,table,246676,31536,258342912,5562368,310149120
posts_pkey,index,246676,679,5562368,0,5562368
posttypes,table,8,1,8192,16384,57344
posttypes_pkey,index,8,2,16384,0,16384
tags,table,1232,9,73728,49152,155648
tags_pkey,index,1232,6,49152,0,49152
users,table,267193,5952,48758784,6029312,55541760
users_pkey,index,267193,736,6029312,0,6029312
votes,table,926084,5936,48627712,20824064,69492736
votes_pkey,index,926084,2542,20824064,0,20824064
votetypes,table,15,1,8192,16384,57344
votetypes_pkey,index,15,2,16384,0,16384
