query,reason,duplicate_queries,output_status
200,warm-up 1 timed out at 15 s (measured batches skipped),,complete
333,warm-up 1 timed out at 15 s (measured batches skipped),,complete
369,warm-up 1 timed out at 15 s (measured batches skipped),,complete
442,warm-up 1 timed out at 15 s (measured batches skipped),,capped at 1000 rows
451,warm-up 1 timed out at 15 s (measured batches skipped),,complete
515,warm-up 1 timed out at 15 s (measured batches skipped),,complete
674,warm-up 1 timed out at 15 s (measured batches skipped),,complete
772,warm-up 1 timed out at 15 s (measured batches skipped),,capped at 1000 rows
823,warm-up 1 timed out at 15 s (measured batches skipped),,complete
834,warm-up 1 timed out at 15 s (measured batches skipped),,complete
854,warm-up 1 timed out at 15 s (measured batches skipped),,complete
1018,warm-up 1 timed out at 15 s (measured batches skipped),,capped at 1000 rows
1068,warm-up 1 timed out at 15 s (measured batches skipped),,complete
1078,warm-up 1 timed out at 15 s (measured batches skipped),,complete
1116,warm-up 1 timed out at 15 s (measured batches skipped),,complete
1214,warm-up 1 timed out at 15 s (measured batches skipped),,complete
1392,warm-up 1 timed out at 15 s (measured batches skipped),,capped at 1000 rows
1487,warm-up 1 timed out at 15 s (measured batches skipped),,capped at 1000 rows
1575,warm-up 1 timed out at 15 s (measured batches skipped),,complete
1724,warm-up 1 timed out at 15 s (measured batches skipped),,timeout
1743,warm-up 1 timed out at 15 s (measured batches skipped),,capped at 1000 rows
1765,warm-up 1 timed out at 15 s (measured batches skipped),,complete
1820,warm-up 1 timed out at 15 s (measured batches skipped),,complete
1955,warm-up 1 timed out at 15 s (measured batches skipped),,complete
1962,warm-up 1 timed out at 15 s (measured batches skipped),,complete
1986,warm-up 1 timed out at 15 s (measured batches skipped),,capped at 1000 rows
2080,warm-up 1 timed out at 15 s (measured batches skipped),,complete
2189,warm-up 1 timed out at 15 s (measured batches skipped),,complete
2263,warm-up 1 timed out at 15 s (measured batches skipped),,capped at 1000 rows
2326,warm-up 1 timed out at 15 s (measured batches skipped),,complete
2516,warm-up 1 timed out at 15 s (measured batches skipped),,complete
2649,warm-up 1 timed out at 15 s (measured batches skipped),,capped at 1000 rows
2658,warm-up 2 timed out at 15 s (measured batches skipped),,complete
2668,warm-up 1 timed out at 15 s (measured batches skipped),,complete
2851,warm-up 1 timed out at 15 s (measured batches skipped),,complete
2975,warm-up 1 timed out at 15 s (measured batches skipped),,complete
3011,warm-up 1 timed out at 15 s (measured batches skipped),,timeout
3055,warm-up 1 timed out at 15 s (measured batches skipped),,capped at 1000 rows
3097,warm-up 1 timed out at 15 s (measured batches skipped),,complete
3302,warm-up 1 timed out at 15 s (measured batches skipped),,complete
3355,warm-up 1 timed out at 15 s (measured batches skipped),,complete
3472,warm-up 1 timed out at 15 s (measured batches skipped),,complete
3737,warm-up 1 timed out at 15 s (measured batches skipped),,complete
3741,warm-up 1 timed out at 15 s (measured batches skipped),,complete
3837,warm-up 1 timed out at 15 s (measured batches skipped),,timeout
3959,warm-up 1 timed out at 15 s (measured batches skipped),,complete
4230,warm-up 1 timed out at 15 s (measured batches skipped),,complete
4249,warm-up 1 timed out at 15 s (measured batches skipped),,complete
4436,warm-up 1 timed out at 15 s (measured batches skipped),,complete
4490,warm-up 1 timed out at 15 s (measured batches skipped),,complete
4517,warm-up 1 timed out at 15 s (measured batches skipped),,complete
4559,warm-up 1 timed out at 15 s (measured batches skipped),,capped at 1000 rows
4654,warm-up 1 timed out at 15 s (measured batches skipped),,complete
4923,warm-up 1 timed out at 15 s (measured batches skipped),,complete
4934,warm-up 1 timed out at 15 s (measured batches skipped),,complete
5016,warm-up 1 timed out at 15 s (measured batches skipped),,complete
5052,warm-up 1 timed out at 15 s (measured batches skipped),,complete
5150,warm-up 1 timed out at 15 s (measured batches skipped),,complete
5239,warm-up 1 timed out at 15 s (measured batches skipped),,complete
5315,warm-up 1 timed out at 15 s (measured batches skipped),,complete
5318,warm-up 1 timed out at 15 s (measured batches skipped),,complete
5361,warm-up 1 timed out at 15 s (measured batches skipped),,complete
5416,measured N=16 batch failed (timeout),,complete
5448,warm-up 1 timed out at 15 s (measured batches skipped),,complete
5621,warm-up 1 timed out at 15 s (measured batches skipped),,complete
5626,warm-up 1 timed out at 15 s (measured batches skipped),,complete
5673,warm-up 1 timed out at 15 s (measured batches skipped),,capped at 1000 rows
5681,warm-up 1 timed out at 15 s (measured batches skipped),,complete
5730,warm-up 1 timed out at 15 s (measured batches skipped),,complete
5789,warm-up 1 timed out at 15 s (measured batches skipped),,capped at 1000 rows
5844,warm-up 1 timed out at 15 s (measured batches skipped),,capped at 1000 rows
5957,warm-up 1 timed out at 15 s (measured batches skipped),,complete
6038,warm-up 1 timed out at 15 s (measured batches skipped),,capped at 1000 rows
6133,warm-up 1 timed out at 15 s (measured batches skipped),,capped at 1000 rows
6181,warm-up 1 timed out at 15 s (measured batches skipped),,complete
6188,warm-up 1 timed out at 15 s (measured batches skipped),,complete
6235,warm-up 1 timed out at 15 s (measured batches skipped),,complete
6296,warm-up 1 timed out at 15 s (measured batches skipped),,complete
6303,warm-up 1 timed out at 15 s (measured batches skipped),,capped at 1000 rows
6421,warm-up 1 timed out at 15 s (measured batches skipped),,complete
6457,warm-up 1 timed out at 15 s (measured batches skipped),,complete
6507,warm-up 1 timed out at 15 s (measured batches skipped),,complete
6594,warm-up 1 timed out at 15 s (measured batches skipped),,complete
6605,warm-up 1 timed out at 15 s (measured batches skipped),,complete
6682,warm-up 1 timed out at 15 s (measured batches skipped),,capped at 1000 rows
6722,warm-up 1 timed out at 15 s (measured batches skipped),,complete
6807,warm-up 1 timed out at 15 s (measured batches skipped),,complete
6858,warm-up 1 timed out at 15 s (measured batches skipped),,complete
6872,warm-up 1 timed out at 15 s (measured batches skipped),,capped at 1000 rows
6921,warm-up 1 timed out at 15 s (measured batches skipped),,capped at 1000 rows
6924,warm-up 1 timed out at 15 s (measured batches skipped),,capped at 1000 rows
6939,warm-up 1 timed out at 15 s (measured batches skipped),,complete
6962,warm-up 1 timed out at 15 s (measured batches skipped),,complete
7097,warm-up 1 timed out at 15 s (measured batches skipped),,complete
7100,warm-up 1 timed out at 15 s (measured batches skipped),,complete
7101,warm-up 1 timed out at 15 s (measured batches skipped),,capped at 1000 rows
7142,warm-up 1 timed out at 15 s (measured batches skipped),,complete
7282,warm-up 1 timed out at 15 s (measured batches skipped),,complete
7313,warm-up 1 timed out at 15 s (measured batches skipped),,complete
7410,warm-up 1 timed out at 15 s (measured batches skipped),,complete
7485,warm-up 1 timed out at 15 s (measured batches skipped),,complete
7555,warm-up 1 timed out at 15 s (measured batches skipped),,complete
7576,warm-up 1 timed out at 15 s (measured batches skipped),,complete
7611,warm-up 1 timed out at 15 s (measured batches skipped),,complete
7637,warm-up 1 timed out at 15 s (measured batches skipped),,complete
7638,warm-up 1 timed out at 15 s (measured batches skipped),,capped at 1000 rows
7762,warm-up 1 timed out at 15 s (measured batches skipped),,complete
7896,warm-up 1 timed out at 15 s (measured batches skipped),,complete
7944,warm-up 1 timed out at 15 s (measured batches skipped),,complete
7949,warm-up 1 timed out at 15 s (measured batches skipped),,complete
7954,warm-up 1 timed out at 15 s (measured batches skipped),,capped at 1000 rows
7977,warm-up 1 timed out at 15 s (measured batches skipped),,complete
8028,warm-up 1 timed out at 15 s (measured batches skipped),,complete
8049,warm-up 1 timed out at 15 s (measured batches skipped),,complete
8107,warm-up 1 timed out at 15 s (measured batches skipped),,complete
8253,warm-up 1 timed out at 15 s (measured batches skipped),,complete
8359,warm-up 1 timed out at 15 s (measured batches skipped),,complete
8543,warm-up 1 timed out at 15 s (measured batches skipped),,complete
8893,warm-up 1 timed out at 15 s (measured batches skipped),,complete
8972,warm-up 1 timed out at 15 s (measured batches skipped),,capped at 1000 rows
9095,warm-up 1 timed out at 15 s (measured batches skipped),,complete
9161,warm-up 1 timed out at 15 s (measured batches skipped),,complete
9319,warm-up 1 timed out at 15 s (measured batches skipped),,complete
9322,warm-up 1 timed out at 15 s (measured batches skipped),,complete
9353,warm-up 1 timed out at 15 s (measured batches skipped),,complete
9357,warm-up 1 timed out at 15 s (measured batches skipped),,complete
9363,warm-up 1 timed out at 15 s (measured batches skipped),,complete
9410,warm-up 1 timed out at 15 s (measured batches skipped),,capped at 1000 rows
9478,warm-up 1 timed out at 15 s (measured batches skipped),,complete
9482,warm-up 1 timed out at 15 s (measured batches skipped),,complete
9497,warm-up 1 timed out at 15 s (measured batches skipped),,complete
9512,warm-up 1 timed out at 15 s (measured batches skipped),,complete
9583,warm-up 1 timed out at 15 s (measured batches skipped),,complete
9585,warm-up 1 timed out at 15 s (measured batches skipped),,complete
9611,warm-up 1 timed out at 15 s (measured batches skipped),,complete
9718,warm-up 1 timed out at 15 s (measured batches skipped),,capped at 1000 rows
9736,warm-up 1 timed out at 15 s (measured batches skipped),,complete
9898,warm-up 1 timed out at 15 s (measured batches skipped),,complete
10023,warm-up 1 timed out at 15 s (measured batches skipped),,capped at 1000 rows
10060,warm-up 1 timed out at 15 s (measured batches skipped),,complete
10094,warm-up 1 timed out at 15 s (measured batches skipped),,capped at 1000 rows
10246,warm-up 1 timed out at 15 s (measured batches skipped),,complete
10338,warm-up 1 timed out at 15 s (measured batches skipped),,capped at 1000 rows
10364,warm-up 1 timed out at 15 s (measured batches skipped),,complete
10377,warm-up 1 timed out at 15 s (measured batches skipped),,complete
10393,warm-up 1 timed out at 15 s (measured batches skipped),,capped at 1000 rows
10465,warm-up 1 timed out at 15 s (measured batches skipped),,capped at 1000 rows
10518,warm-up 1 timed out at 15 s (measured batches skipped),,capped at 1000 rows
10567,warm-up 1 timed out at 15 s (measured batches skipped),,complete
10568,warm-up 1 timed out at 15 s (measured batches skipped),,complete
10587,warm-up 1 timed out at 15 s (measured batches skipped),,complete
10591,warm-up 1 timed out at 15 s (measured batches skipped),,capped at 1000 rows
10650,warm-up 1 timed out at 15 s (measured batches skipped),,complete
10651,warm-up 1 timed out at 15 s (measured batches skipped),,complete
10681,warm-up 1 timed out at 15 s (measured batches skipped),,complete
10703,warm-up 1 timed out at 15 s (measured batches skipped),,complete
10728,warm-up 1 timed out at 15 s (measured batches skipped),,complete
10869,warm-up 1 timed out at 15 s (measured batches skipped),,complete
10910,warm-up 1 timed out at 15 s (measured batches skipped),,capped at 1000 rows
10944,warm-up 1 timed out at 15 s (measured batches skipped),,complete
11104,warm-up 1 timed out at 15 s (measured batches skipped),,complete
11151,warm-up 1 timed out at 15 s (measured batches skipped),,capped at 1000 rows
11325,warm-up 1 timed out at 15 s (measured batches skipped),,capped at 1000 rows
11362,warm-up 1 timed out at 15 s (measured batches skipped),,complete
11435,warm-up 1 timed out at 15 s (measured batches skipped),,capped at 1000 rows
11465,warm-up 1 timed out at 15 s (measured batches skipped),,complete
11477,warm-up 1 timed out at 15 s (measured batches skipped),,capped at 1000 rows
11636,warm-up 1 timed out at 15 s (measured batches skipped),,complete
11654,warm-up 1 timed out at 15 s (measured batches skipped),,capped at 1000 rows
11655,warm-up 1 timed out at 15 s (measured batches skipped),,capped at 1000 rows
11719,warm-up 1 timed out at 15 s (measured batches skipped),,complete
11720,warm-up 1 timed out at 15 s (measured batches skipped),,complete
11810,warm-up 1 timed out at 15 s (measured batches skipped),,capped at 1000 rows
11865,warm-up 1 timed out at 15 s (measured batches skipped),,capped at 1000 rows
11892,warm-up 1 timed out at 15 s (measured batches skipped),,capped at 1000 rows
11981,warm-up 1 timed out at 15 s (measured batches skipped),,capped at 1000 rows
11986,warm-up 1 timed out at 15 s (measured batches skipped),,complete
11997,warm-up 1 timed out at 15 s (measured batches skipped),,capped at 1000 rows
12075,warm-up 1 timed out at 15 s (measured batches skipped),,capped at 1000 rows
12119,warm-up 1 timed out at 15 s (measured batches skipped),,capped at 1000 rows
12146,warm-up 1 timed out at 15 s (measured batches skipped),,capped at 1000 rows
12184,warm-up 1 timed out at 15 s (measured batches skipped),,complete
12189,warm-up 1 timed out at 15 s (measured batches skipped),,capped at 1000 rows
12262,warm-up 1 timed out at 15 s (measured batches skipped),,capped at 1000 rows
12343,warm-up 1 timed out at 15 s (measured batches skipped),,complete
12357,warm-up 1 timed out at 15 s (measured batches skipped),,capped at 1000 rows
12381,warm-up 1 timed out at 15 s (measured batches skipped),,capped at 1000 rows
12422,warm-up 1 timed out at 15 s (measured batches skipped),,complete
12486,warm-up 1 timed out at 15 s (measured batches skipped),,capped at 1000 rows
12517,warm-up 1 timed out at 15 s (measured batches skipped),,complete
12548,warm-up 1 timed out at 15 s (measured batches skipped),,capped at 1000 rows
12664,warm-up 1 timed out at 15 s (measured batches skipped),,complete
12688,warm-up 1 timed out at 15 s (measured batches skipped),,capped at 1000 rows
12697,warm-up 1 timed out at 15 s (measured batches skipped),,complete
12724,warm-up 1 timed out at 15 s (measured batches skipped),,capped at 1000 rows
12726,warm-up 1 timed out at 15 s (measured batches skipped),,complete
12745,warm-up 1 timed out at 15 s (measured batches skipped),,complete
12810,warm-up 1 timed out at 15 s (measured batches skipped),,capped at 1000 rows
12850,warm-up 1 timed out at 15 s (measured batches skipped),,complete
12871,warm-up 1 timed out at 15 s (measured batches skipped),,capped at 1000 rows
12940,warm-up 1 timed out at 15 s (measured batches skipped),,capped at 1000 rows
12942,warm-up 1 timed out at 15 s (measured batches skipped),,capped at 1000 rows
13160,warm-up 1 timed out at 15 s (measured batches skipped),,capped at 1000 rows
13217,warm-up 1 timed out at 15 s (measured batches skipped),,capped at 1000 rows
13225,warm-up 1 timed out at 15 s (measured batches skipped),,complete
13250,warm-up 1 timed out at 15 s (measured batches skipped),,complete
13263,warm-up 1 timed out at 15 s (measured batches skipped),,capped at 1000 rows
13282,warm-up 1 timed out at 15 s (measured batches skipped),,complete
13441,warm-up 1 timed out at 15 s (measured batches skipped),,complete
13448,warm-up 1 timed out at 15 s (measured batches skipped),,capped at 1000 rows
13538,warm-up 1 timed out at 15 s (measured batches skipped),,capped at 1000 rows
13564,warm-up 1 timed out at 15 s (measured batches skipped),,complete
13705,warm-up 1 timed out at 15 s (measured batches skipped),,complete
13800,warm-up 1 timed out at 15 s (measured batches skipped),,capped at 1000 rows
13809,warm-up 1 timed out at 15 s (measured batches skipped),,capped at 1000 rows
13831,warm-up 1 timed out at 15 s (measured batches skipped),,complete
13863,warm-up 1 timed out at 15 s (measured batches skipped),,complete
13872,warm-up 1 timed out at 15 s (measured batches skipped),,capped at 1000 rows
13928,warm-up 1 timed out at 15 s (measured batches skipped),,capped at 1000 rows
13957,warm-up 1 timed out at 15 s (measured batches skipped),,capped at 1000 rows
13960,warm-up 1 timed out at 15 s (measured batches skipped),,capped at 1000 rows
14009,warm-up 1 timed out at 15 s (measured batches skipped),,capped at 1000 rows
14018,warm-up 1 timed out at 15 s (measured batches skipped),,capped at 1000 rows
14021,warm-up 1 timed out at 15 s (measured batches skipped),,capped at 1000 rows
14039,warm-up 1 timed out at 15 s (measured batches skipped),,complete
14100,warm-up 1 timed out at 15 s (measured batches skipped),,complete
14257,warm-up 1 timed out at 15 s (measured batches skipped),,complete
14347,warm-up 1 timed out at 15 s (measured batches skipped),,capped at 1000 rows
14378,warm-up 1 timed out at 15 s (measured batches skipped),,capped at 1000 rows
14381,warm-up 1 timed out at 15 s (measured batches skipped),,capped at 1000 rows
14515,warm-up 1 timed out at 15 s (measured batches skipped),,capped at 1000 rows
14517,warm-up 1 timed out at 15 s (measured batches skipped),,capped at 1000 rows
14556,warm-up 1 timed out at 15 s (measured batches skipped),,complete
14590,warm-up 1 timed out at 15 s (measured batches skipped),,complete
14616,warm-up 1 timed out at 15 s (measured batches skipped),,capped at 1000 rows
14624,warm-up 1 timed out at 15 s (measured batches skipped),,capped at 1000 rows
14629,warm-up 1 timed out at 15 s (measured batches skipped),,capped at 1000 rows
14692,warm-up 1 timed out at 15 s (measured batches skipped),,capped at 1000 rows
14739,warm-up 1 timed out at 15 s (measured batches skipped),,capped at 1000 rows
14814,warm-up 1 timed out at 15 s (measured batches skipped),,capped at 1000 rows
14838,warm-up 1 timed out at 15 s (measured batches skipped),,complete
20027,warm-up 1 timed out at 15 s (measured batches skipped),,capped at 1000 rows
20306,warm-up 1 timed out at 15 s (measured batches skipped),,timeout
20434,warm-up 1 timed out at 15 s (measured batches skipped),,complete
20632,warm-up 1 timed out at 15 s (measured batches skipped),,complete
20680,warm-up 1 timed out at 15 s (measured batches skipped),,complete
20832,warm-up 1 timed out at 15 s (measured batches skipped),,capped at 1000 rows
21062,warm-up 1 timed out at 15 s (measured batches skipped),,complete
21109,warm-up 1 timed out at 15 s (measured batches skipped),,complete
21365,warm-up 1 timed out at 15 s (measured batches skipped),,complete
21391,warm-up 1 timed out at 15 s (measured batches skipped),,complete
21566,warm-up 1 timed out at 15 s (measured batches skipped),,complete
22180,warm-up 1 timed out at 15 s (measured batches skipped),,capped at 1000 rows
22641,warm-up 1 timed out at 15 s (measured batches skipped),,complete
22783,warm-up 1 timed out at 15 s (measured batches skipped),,timeout
22945,warm-up 1 timed out at 15 s (measured batches skipped),,complete
23122,warm-up 1 timed out at 15 s (measured batches skipped),,complete
23193,warm-up 1 timed out at 15 s (measured batches skipped),,complete
23779,warm-up 1 timed out at 15 s (measured batches skipped),,complete
23780,warm-up 1 timed out at 15 s (measured batches skipped),,complete
23846,warm-up 1 timed out at 15 s (measured batches skipped),,complete
23955,warm-up 1 timed out at 15 s (measured batches skipped),,capped at 1000 rows
24190,warm-up 1 timed out at 15 s (measured batches skipped),,complete
24372,warm-up 1 timed out at 15 s (measured batches skipped),,complete
24555,warm-up 1 timed out at 15 s (measured batches skipped),,complete
24582,warm-up 1 timed out at 15 s (measured batches skipped),,complete
24855,warm-up 1 timed out at 15 s (measured batches skipped),,complete
24866,warm-up 1 timed out at 15 s (measured batches skipped),,complete
24889,warm-up 1 timed out at 15 s (measured batches skipped),,capped at 1000 rows
24973,warm-up 1 timed out at 15 s (measured batches skipped),,complete
25005,warm-up 1 timed out at 15 s (measured batches skipped),,complete
25034,warm-up 1 timed out at 15 s (measured batches skipped),,capped at 1000 rows
25058,warm-up 1 timed out at 15 s (measured batches skipped),,complete
25060,warm-up 1 timed out at 15 s (measured batches skipped),,complete
25392,warm-up 1 timed out at 15 s (measured batches skipped),,capped at 1000 rows
25571,warm-up 1 timed out at 15 s (measured batches skipped),,complete
25611,warm-up 1 timed out at 15 s (measured batches skipped),,capped at 1000 rows
25770,warm-up 1 timed out at 15 s (measured batches skipped),,complete
25788,warm-up 1 timed out at 15 s (measured batches skipped),,complete
25827,warm-up 1 timed out at 15 s (measured batches skipped),,capped at 1000 rows
25861,warm-up 1 timed out at 15 s (measured batches skipped),,capped at 1000 rows
26058,warm-up 1 timed out at 15 s (measured batches skipped),,complete
26304,warm-up 1 timed out at 15 s (measured batches skipped),,complete
26314,warm-up 1 timed out at 15 s (measured batches skipped),,complete
26340,warm-up 1 timed out at 15 s (measured batches skipped),,capped at 1000 rows
26400,warm-up 1 timed out at 15 s (measured batches skipped),,complete
26403,warm-up 1 timed out at 15 s (measured batches skipped),,complete
26420,warm-up 1 timed out at 15 s (measured batches skipped),,complete
26431,warm-up 1 timed out at 15 s (measured batches skipped),,capped at 1000 rows
26499,warm-up 1 timed out at 15 s (measured batches skipped),,complete
26510,warm-up 1 timed out at 15 s (measured batches skipped),,capped at 1000 rows
26534,warm-up 1 timed out at 15 s (measured batches skipped),,complete
26537,warm-up 1 timed out at 15 s (measured batches skipped),,capped at 1000 rows
26640,warm-up 1 timed out at 15 s (measured batches skipped),,capped at 1000 rows
26702,warm-up 1 timed out at 15 s (measured batches skipped),,capped at 1000 rows
26704,warm-up 1 timed out at 15 s (measured batches skipped),,capped at 1000 rows
26717,warm-up 1 timed out at 15 s (measured batches skipped),,capped at 1000 rows
26829,warm-up 1 timed out at 15 s (measured batches skipped),,complete
26835,warm-up 1 timed out at 15 s (measured batches skipped),,complete
26868,warm-up 1 timed out at 15 s (measured batches skipped),,capped at 1000 rows
26960,warm-up 1 timed out at 15 s (measured batches skipped),,complete
27045,warm-up 1 timed out at 15 s (measured batches skipped),,capped at 1000 rows
27162,warm-up 1 timed out at 15 s (measured batches skipped),,capped at 1000 rows
27203,warm-up 1 timed out at 15 s (measured batches skipped),,capped at 1000 rows
27264,warm-up 1 timed out at 15 s (measured batches skipped),,capped at 1000 rows
27384,warm-up 1 timed out at 15 s (measured batches skipped),,complete
27435,warm-up 1 timed out at 15 s (measured batches skipped),,capped at 1000 rows
27475,warm-up 1 timed out at 15 s (measured batches skipped),,complete
27501,warm-up 1 timed out at 15 s (measured batches skipped),,complete
27631,warm-up 1 timed out at 15 s (measured batches skipped),,capped at 1000 rows
27742,warm-up 1 timed out at 15 s (measured batches skipped),,complete
27775,warm-up 1 timed out at 15 s (measured batches skipped),,complete
27839,warm-up 1 timed out at 15 s (measured batches skipped),,complete
27846,warm-up 1 timed out at 15 s (measured batches skipped),,complete
27851,warm-up 1 timed out at 15 s (measured batches skipped),,complete
27925,warm-up 1 timed out at 15 s (measured batches skipped),,complete
27935,warm-up 1 timed out at 15 s (measured batches skipped),,complete
27966,warm-up 1 timed out at 15 s (measured batches skipped),,complete
28022,warm-up 1 timed out at 15 s (measured batches skipped),,complete
28124,warm-up 1 timed out at 15 s (measured batches skipped),,capped at 1000 rows
28292,warm-up 1 timed out at 15 s (measured batches skipped),,complete
28337,warm-up 1 timed out at 15 s (measured batches skipped),,complete
28474,warm-up 1 timed out at 15 s (measured batches skipped),,capped at 1000 rows
28481,warm-up 1 timed out at 15 s (measured batches skipped),,complete
28482,warm-up 1 timed out at 15 s (measured batches skipped),,capped at 1000 rows
28584,warm-up 1 timed out at 15 s (measured batches skipped),,complete
28592,warm-up 1 timed out at 15 s (measured batches skipped),,capped at 1000 rows
28731,warm-up 1 timed out at 15 s (measured batches skipped),,capped at 1000 rows
28776,warm-up 1 timed out at 15 s (measured batches skipped),,complete
29008,warm-up 1 timed out at 15 s (measured batches skipped),,complete
29172,warm-up 1 timed out at 15 s (measured batches skipped),,capped at 1000 rows
29212,warm-up 1 timed out at 15 s (measured batches skipped),,complete
29302,warm-up 1 timed out at 15 s (measured batches skipped),,capped at 1000 rows
29365,warm-up 1 timed out at 15 s (measured batches skipped),,capped at 1000 rows
29374,warm-up 1 timed out at 15 s (measured batches skipped),,capped at 1000 rows
29394,warm-up 1 timed out at 15 s (measured batches skipped),,capped at 1000 rows
29437,warm-up 1 timed out at 15 s (measured batches skipped),,complete
29610,warm-up 1 timed out at 15 s (measured batches skipped),,complete
29675,warm-up 1 timed out at 15 s (measured batches skipped),,capped at 1000 rows
29808,warm-up 1 timed out at 15 s (measured batches skipped),,complete
29886,warm-up 1 timed out at 15 s (measured batches skipped),,complete
29993,warm-up 1 timed out at 15 s (measured batches skipped),,capped at 1000 rows
30155,warm-up 1 timed out at 15 s (measured batches skipped),,complete
30175,warm-up 1 timed out at 15 s (measured batches skipped),,complete
30831,warm-up 1 timed out at 15 s (measured batches skipped),,complete
30959,warm-up 1 timed out at 15 s (measured batches skipped),,complete
30969,warm-up 1 timed out at 15 s (measured batches skipped),,capped at 1000 rows
31512,warm-up 1 timed out at 15 s (measured batches skipped),,complete
31911,warm-up 1 timed out at 15 s (measured batches skipped),,complete
32236,warm-up 1 timed out at 15 s (measured batches skipped),,capped at 1000 rows
32456,warm-up 1 timed out at 15 s (measured batches skipped),,capped at 1000 rows
32708,warm-up 1 timed out at 15 s (measured batches skipped),,complete
33306,warm-up 1 timed out at 15 s (measured batches skipped),,capped at 1000 rows
33435,warm-up 1 timed out at 15 s (measured batches skipped),,capped at 1000 rows
33639,warm-up 1 timed out at 15 s (measured batches skipped),,complete
33821,warm-up 1 timed out at 15 s (measured batches skipped),,complete
33982,measured N=16 batch failed (timeout),,complete
34189,warm-up 1 timed out at 15 s (measured batches skipped),,timeout
34199,warm-up 1 timed out at 15 s (measured batches skipped),,complete
34276,warm-up 1 timed out at 15 s (measured batches skipped),,complete
34549,warm-up 1 timed out at 15 s (measured batches skipped),,capped at 1000 rows
34585,warm-up 1 timed out at 15 s (measured batches skipped),,timeout
34814,warm-up 1 timed out at 15 s (measured batches skipped),,timeout
