query,kind,energy_l1,energy_l2,energy_ratio,energy_lo,energy_hi,energy_cv1,energy_cv2,time_l1,time_l2,time_ratio,core_ratio,rest_ratio,dram_ratio
10646,sqlstorm,1.18045,1.10821,0.93881,0.93272,0.94489,0.00623,0.00518,0.1649,0.16526,1.00217,0.97354,0.78119,0.62306
10937,sqlstorm,3.21818,3.08671,0.95915,0.95105,0.96725,0.00971,0.00413,0.27866,0.27849,0.99937,0.97849,0.79965,0.60779
11124,sqlstorm,1.41581,1.36462,0.96385,0.95251,0.97518,0.01306,0.00673,0.12388,0.12327,0.99508,0.9888,0.7759,0.65566
11211,sqlstorm,28.73117,27.23319,0.94786,0.94284,0.95288,0.00495,0.0044,3.55171,3.62201,1.01979,0.97455,0.79867,0.56144
11397,sqlstorm,10.53919,9.84779,0.9344,0.9141,0.95469,0.02616,0.00723,1.41833,1.41607,0.99841,0.96531,0.77949,0.56381
11471,sqlstorm,10.06181,9.42161,0.93637,0.93235,0.94039,0.00374,0.00384,1.6637,1.66825,1.00273,0.97502,0.7869,0.57631
11473,sqlstorm,1.67125,1.58931,0.95097,0.9446,0.95734,0.00554,0.00628,0.11614,0.11474,0.98793,0.97019,0.77373,0.68815
12128,sqlstorm,18.4948,17.3748,0.93944,0.9351,0.94379,0.0031,0.00488,3.32909,3.33914,1.00302,0.98191,0.78714,0.55541
12477,sqlstorm,12.45857,11.43551,0.91788,0.91229,0.92347,0.00599,0.0047,2.27984,2.26347,0.99282,0.95681,0.78293,0.56826
1255,sqlstorm,2.71835,2.56814,0.94474,0.93661,0.95288,0.00848,0.00662,0.33545,0.33722,1.00527,0.97648,0.78376,0.65579
13186,sqlstorm,33.20036,31.70429,0.95494,0.94833,0.96154,0.00682,0.00531,4.17474,4.2362,1.01472,0.98438,0.79661,0.59899
13330,sqlstorm,0.57605,0.55013,0.955,0.94707,0.96293,0.00945,0.00427,0.042,0.04154,0.98915,0.97794,0.76352,0.70647
13386,sqlstorm,9.47116,8.80462,0.92962,0.92225,0.937,0.00941,0.0031,1.69988,1.69818,0.999,0.96951,0.78819,0.5574
13512,sqlstorm,48.47912,46.86617,0.96673,0.96266,0.9708,0.00217,0.00479,5.48153,5.58437,1.01876,0.99428,0.79933,0.60166
13737,sqlstorm,3.47282,3.34047,0.96189,0.95738,0.9664,0.00303,0.00502,0.26287,0.26426,1.00527,0.98042,0.79412,0.65904
14349,sqlstorm,20.3313,18.17999,0.89419,0.89035,0.89802,0.00365,0.00392,3.44027,3.1994,0.92998,0.93948,0.73645,0.6046
14510,sqlstorm,32.0484,31.24852,0.97504,0.97044,0.97964,0.00384,0.00447,3.29799,3.36901,1.02154,0.99908,0.80774,0.56857
14843,sqlstorm,0.49661,0.46084,0.92796,0.91266,0.94326,0.01855,0.00896,0.09291,0.09303,1.0013,0.96468,0.80159,0.57247
14978,sqlstorm,1.48666,1.42722,0.96002,0.95295,0.96709,0.00395,0.00831,0.10038,0.09948,0.9911,0.98011,0.76848,0.69955
15173,sqlstorm,5.0984,4.70728,0.92329,0.91441,0.93216,0.011,0.00483,0.92232,0.91522,0.99231,0.96613,0.7741,0.56406
16308,sqlstorm,3.78494,3.60365,0.9521,0.94572,0.95849,0.00536,0.00644,0.36603,0.36653,1.00136,0.97851,0.7773,0.65549
16363,sqlstorm,23.63527,23.00413,0.9733,0.96734,0.97925,0.00275,0.00713,2.51395,2.55084,1.01468,1.00093,0.79722,0.61589
16378,sqlstorm,2.45605,2.28824,0.93167,0.92437,0.93898,0.00611,0.00766,0.44933,0.4492,0.99971,0.97216,0.79463,0.59429
16399,sqlstorm,0.60363,0.57425,0.95133,0.93776,0.96491,0.01567,0.00851,0.04432,0.04396,0.99172,0.9749,0.75714,0.71024
17234,sqlstorm,2.5552,2.36439,0.92532,0.91834,0.93231,0.00857,0.00395,0.46513,0.46571,1.00125,0.96432,0.79245,0.59059
1959,sqlstorm,10.71413,10.03395,0.93651,0.93102,0.94201,0.00714,0.00166,1.92215,1.9376,1.00804,0.97657,0.79375,0.55292
20426,sqlstorm,22.33619,21.07049,0.94333,0.939,0.94767,0.00481,0.00313,3.52442,3.54171,1.00491,0.98047,0.78943,0.57634
20804,sqlstorm,4.78241,4.43347,0.92704,0.91743,0.93664,0.005,0.01194,0.72515,0.71948,0.99218,0.96248,0.77739,0.60025
21497,sqlstorm,5.46622,5.09557,0.93219,0.92253,0.94186,0.00575,0.01161,0.77405,0.76889,0.99334,0.96882,0.76984,0.63974
21884,sqlstorm,6.66866,6.38152,0.95694,0.94712,0.96676,0.00956,0.00855,0.59671,0.59711,1.00069,0.98313,0.77292,0.67391
2243,sqlstorm,7.68312,7.20788,0.93815,0.93324,0.94305,0.00594,0.00271,1.23533,1.23799,1.00216,0.97519,0.78981,0.58417
22494,sqlstorm,6.58104,6.32772,0.96151,0.95485,0.96817,0.006,0.00624,1.10502,1.09951,0.99502,1.00891,0.78222,0.59887
24751,sqlstorm,1.90492,1.8137,0.95211,0.9393,0.96493,0.01427,0.00891,0.25956,0.26609,1.02515,0.982,0.80552,0.59841
25154,sqlstorm,17.6729,17.04206,0.9643,0.91569,1.01292,0.00708,0.0626,2.91872,3.06304,1.04945,0.99952,0.81937,0.51965
25357,sqlstorm,14.35331,13.7177,0.95572,0.94797,0.96346,0.00335,0.00956,2.16474,2.22986,1.03008,0.99104,0.79687,0.54083
2764,sqlstorm,2.59035,2.42397,0.93577,0.92865,0.94289,0.00584,0.00751,0.40678,0.40534,0.99646,0.9682,0.8006,0.58309
2863,sqlstorm,8.15817,7.53237,0.92329,0.91676,0.92982,0.00787,0.00403,1.34934,1.3376,0.9913,0.96193,0.7773,0.59753
28796,sqlstorm,11.4745,10.79082,0.94042,0.93304,0.9478,0.00896,0.00398,1.63944,1.63929,0.99991,0.97464,0.78179,0.56746
3090,sqlstorm,5.64135,5.25854,0.93214,0.92372,0.94057,0.00849,0.00745,0.99928,0.99999,1.00071,0.97213,0.78886,0.57679
32216,sqlstorm,20.76491,19.28206,0.92859,0.92112,0.93606,0.00854,0.0053,3.78806,3.79044,1.00063,0.96816,0.78969,0.56513
32661,sqlstorm,25.26147,23.70112,0.93823,0.93358,0.94288,0.00526,0.00328,4.42733,4.45134,1.00542,0.97916,0.78899,0.56858
4452,sqlstorm,2.40241,2.29299,0.95445,0.94884,0.96006,0.00356,0.00642,0.18876,0.18983,1.00569,0.97924,0.76491,0.71115
5502,sqlstorm,3.73728,3.48482,0.93245,0.92567,0.93922,0.00475,0.00773,0.60554,0.60765,1.00349,0.96896,0.78446,0.57453
6651,sqlstorm,1.28643,1.23752,0.96199,0.95529,0.96868,0.00626,0.00603,0.09158,0.0919,1.00345,0.98259,0.77516,0.69053
6957,sqlstorm,4.17507,4.00305,0.9588,0.95412,0.96348,0.00395,0.00465,0.35212,0.35461,1.00708,0.98233,0.78045,0.66788
7046,sqlstorm,15.45905,14.37674,0.92999,0.92409,0.93589,0.00653,0.00451,2.23493,2.19644,0.98278,0.96569,0.77397,0.61446
7184,sqlstorm,0.71631,0.65783,0.91836,0.91109,0.92563,0.00643,0.00752,0.13204,0.13141,0.99521,0.95865,0.78515,0.58116
7612,sqlstorm,8.94141,8.539,0.95499,0.94461,0.96538,0.00622,0.01208,0.97322,0.98349,1.01055,0.98269,0.7852,0.62274
8072,sqlstorm,16.08892,15.00048,0.93235,0.92358,0.94111,0.00233,0.01152,2.33173,2.32674,0.99786,0.96869,0.77262,0.61049
9509,sqlstorm,4.29572,3.93738,0.91658,0.91274,0.92042,0.00363,0.00377,0.79378,0.78964,0.99479,0.95544,0.78477,0.5823
probe_cpu,probe,8.86975,8.31028,0.93692,0.92559,0.94826,0.01287,0.00793,1.53598,1.55441,1.012,0.97447,0.79142,0.4964
probe_hash,probe,17.15962,16.47627,0.96018,0.95519,0.96517,0.00229,0.00608,1.52354,1.52552,1.0013,0.98567,0.78396,0.69996
probe_scan,probe,41.12942,40.27781,0.97929,0.97595,0.98263,0.00199,0.00377,2.76136,2.77322,1.0043,0.99975,0.79405,0.71371
probe_sort,probe,8.4792,8.01667,0.94545,0.9389,0.952,0.00661,0.00559,1.5322,1.54055,1.00545,0.99098,0.78397,0.53751
