group,n_queries,n_sql,kind,sim_min,sim_max,linked_share,queries
G1,816,527,copies + similar,0.8,0.9832,0.067,10001 | 10002 | 10013 = 14572 | 10016 | 10021 = 10087 = 10149 = 10299 = 10359 = 10527 = 11013 = 11223 = 12119 = 12334 = 12765 = 13261 = 13933 | 10022 = 10121 = 11971 = 12237 = 12488 = 13378 = 13401 = 13643 = 14419 = 14775 | 10029 | 10036 | 10040 = 11517 = 14694 | 10049 = 10058 | 10055 = 10069 = 10072 = 10093 = 11070 = 11095 = 11154 = 11168 = 11640 = 11710 = 13137 = 13419 = 14394 = 14688 = 14846 | 10057 | 10062 = 10939 = 11162 = 12135 | 10073 | 10075 = 11849 | 10082 | 10088 = 14252 | 10089 | 10100 = 13805 | 10102 = 10365 = 10615 = 10705 = 11169 = 11426 = 11511 = 11540 = 12245 = 13086 = 14265 = 14761 | 10103 | 10115 | 10128 | 10134 = 10539 = 10575 = 10713 = 10864 = 11022 = 11150 = 11218 = 11525 = 13862 = 14027 = 14610 | 10135 | 10145 = 10175 = 10595 = 10653 = 11799 = 13087 = 14319 = 14352 | 10151 | 10156 = 10679 = 14937 | 10159 = 10874 = 11311 = 11402 = 14254 | 10166 | 10167 = 10216 = 10737 = 11157 = 11385 = 13130 = 14333 | 10168 = 10270 = 10777 = 11723 = 11853 = 12076 = 12243 = 12404 = 13361 = 14935 | 10173 = 10666 = 12081 = 13638 | 10174 | 10178 = 11104 = 11372 = 12493 | 10181 | 10182 | 10186 | 10192 = 10562 = 10853 = 12145 = 12277 = 12567 = 12920 = 14212 | 10200 = 12308 = 14127 | 10204 = 11912 = 13583 | 10206 | 10218 = 11161 = 11317 = 11563 | 10225 = 11136 = 12156 = 12241 = 12446 = 12475 = 13774 = 14065 = 14541 | 10231 = 11198 = 11349 = 11634 = 13684 = 14180 | 10242 = 10966 = 11025 = 12802 | 10243 | 10245 | 10248 | 10253 | 10255 | 10259 | 10265 | 10275 = 11207 = 11288 = 13237 | 10279 = 10671 = 10805 = 12059 = 14802 | 10281 | 10286 | 10294 | 10300 = 11296 = 12705 = 12860 = 13006 = 13047 = 14972 | 10302 | 10313 | 10320 = 12857 = 14532 | 10322 = 11105 = 13640 = 14227 | 10324 | 10326 | 10330 | 10332 = 13154 | 10350 | 10377 = 11632 | 10378 = 12633 = 12970 = 13494 | 10388 = 14274 | 10394 = 12395 | 10396 | 10398 | 10403 | 10429 = 10589 = 11455 = 11567 = 12613 = 12783 = 12985 = 13394 = 14405 | 10439 | 10452 = 14410 | 10494 | 10506 = 14807 | 10513 | 10533 = 12809 | 10548 | 10549 | 10573 | 10577 | 10586 | 10599 = 12805 | 10600 = 14771 | 10604 | 10609 | 10614 | 10616 | 10617 | 10622 = 11028 | 10639 = 13104 | 10640 | 10644 = 14910 | 10655 | 10659 | 10663 = 11380 | 10674 = 11114 | 10698 | 10719 | 10734 | 10755 = 13061 | 10757 | 10758 | 10759 | 10765 | 10778 | 10785 = 11287 | 10789 = 11260 | 10795 | 10800 | 10807 = 14556 | 10814 | 10822 = 11266 = 11320 = 12593 = 13476 | 10832 = 11268 | 10834 | 10846 | 10849 = 13808 | 10860 | 10866 | 10869 | 10886 = 10971 = 11630 | 10889 | 10892 | 10902 | 10908 = 12948 = 13342 | 10913 | 10914 | 10922 | 10928 | 10931 = 12923 = 14025 | 10943 | 10945 | 10957 = 11601 | 10958 = 13550 | 10962 | 10972 | 10975 | 10984 | 10988 | 10989 | 10994 | 11003 | 11023 | 11030 = 12401 | 11035 | 11041 = 14331 = 14923 | 11042 | 11051 | 11056 | 11062 | 11069 | 11082 = 11280 = 12381 | 11083 = 12870 | 11098 = 11148 = 12151 = 13485 = 13540 = 14982 | 11133 = 11619 = 11960 | 11134 | 11135 = 11304 = 13243 | 11140 | 11142 | 11167 = 12700 | 11187 | 11202 | 11203 = 11274 = 12540 = 14999 | 11213 | 11232 | 11233 | 11237 = 12663 | 11248 | 11262 | 11267 = 11790 | 11294 = 12039 = 12079 = 14597 | 11300 | 11301 = 11518 = 11551 = 11762 = 12281 = 12556 = 13622 = 14130 = 14590 = 14931 | 11303 = 14496 | 11307 | 11309 = 11743 = 11830 = 14553 | 11315 | 11319 | 11325 | 11326 = 11839 | 11331 | 11346 = 13877 | 11347 | 11373 | 11392 = 14455 | 11399 | 11404 = 14607 | 11419 = 13321 | 11427 | 11434 = 12269 | 11444 = 13768 | 11448 | 11457 | 11487 | 11489 | 11504 | 11510 | 11515 | 11519 = 12688 = 14938 | 11536 | 11543 | 11583 = 13102 | 11584 | 11591 | 11597 | 11606 | 11607 | 11618 | 11623 | 11628 = 12376 | 11629 | 11631 | 11638 | 11659 = 12061 = 14624 | 11661 = 13870 | 11677 | 11681 = 13312 = 13851 | 11690 | 11691 | 11697 | 11715 = 12541 | 11732 | 11745 | 11755 | 11759 = 13081 | 11769 | 11775 | 11792 | 11807 | 11815 | 11823 | 11824 | 11831 | 11837 | 11862 = 14481 | 11869 | 11874 | 11910 | 11931 = 14160 | 11933 | 11937 = 12149 = 12515 | 11959 | 11965 | 11977 | 11980 | 11981 | 12007 | 12014 | 12022 | 12035 | 12046 | 12065 | 12082 | 12084 | 12090 | 12096 | 12112 | 12113 = 13960 = 14513 | 12115 | 12116 | 12117 | 12120 | 12130 = 14975 | 12133 | 12137 | 12164 | 12172 | 12183 | 12189 | 12197 | 12222 = 14639 | 12231 | 12250 | 12264 | 12280 | 12290 | 12292 = 13468 = 13498 | 12296 | 12311 = 12687 = 13524 = 14017 | 12313 | 12318 | 12319 = 14454 | 12320 | 12328 | 12330 | 12331 | 12340 | 12343 = 14391 | 12345 = 14487 | 12349 | 12357 | 12358 | 12359 | 12368 | 12369 | 12378 | 12380 | 12391 | 12393 | 12409 | 12410 | 12420 = 12434 | 12423 | 12431 | 12442 | 12451 | 12452 | 12457 | 12461 | 12482 | 12485 | 12528 | 12536 | 12545 | 12562 = 12889 = 13755 | 12569 = 14721 | 12577 | 12581 | 12586 = 12891 | 12587 = 12825 = 14149 | 12608 = 12877 | 12612 | 12615 | 12640 = 14823 | 12641 | 12642 | 12647 | 12658 | 12667 | 12678 | 12686 | 12690 | 12694 | 12697 = 14722 | 12702 | 12704 | 12706 | 12725 | 12753 | 12758 | 12778 | 12779 | 12786 | 12801 | 12808 | 12813 | 12816 | 12817 | 12846 = 14774 | 12855 | 12859 | 12862 | 12869 | 12878 | 12881 | 12894 | 12899 | 12900 | 12913 | 12931 | 12958 | 12960 | 12966 | 12972 = 14620 | 12981 | 12999 | 13023 | 13035 = 13822 | 13043 = 17162 | 13062 | 13063 = 13906 | 13112 | 13134 = 14966 | 13147 | 13151 | 13160 | 13175 | 13180 | 13190 | 13194 | 13201 | 13207 | 13249 = 17456 | 13256 | 13258 | 13260 | 13294 | 13298 | 13301 | 13308 | 13311 | 13323 | 13362 | 13370 | 13373 | 13446 | 13450 | 13465 | 13480 | 13532 | 13560 | 13564 | 13571 | 13580 | 13590 | 13609 | 13613 | 13619 | 13632 | 13636 | 13639 | 13665 | 13671 | 13682 | 13688 | 13718 | 13729 | 13736 | 13763 | 13785 | 13787 | 13788 | 13794 | 13797 | 13823 | 13829 = 14194 | 13859 | 13861 | 13907 | 13913 | 13919 | 13924 | 13939 | 13947 | 13963 | 13973 | 13974 | 13996 | 14014 | 14028 | 14035 | 14044 | 14063 | 14066 | 14102 | 14164 | 14172 | 14178 | 14193 = 14796 | 14195 | 14208 | 14253 | 14304 | 14306 = 14851 | 14308 = 14738 | 14323 = 14635 | 14338 | 14346 | 14368 | 14372 | 14378 | 14392 | 14409 | 14436 | 14443 | 14471 | 14476 | 14503 | 14526 | 14527 | 14547 | 14550 | 14551 | 14555 | 14558 | 14573 | 14576 | 14579 | 14580 | 14583 | 14589 | 14606 | 14652 | 14674 | 14695 | 14697 | 14701 | 14702 = 14925 | 14712 | 14741 | 14779 | 14782 | 14788 | 14809 | 14818 | 14843 | 14847 | 14849 | 14865 | 14871 | 14876 | 14892 | 14898 | 14914 | 14924 | 14932 | 14947 | 14962 | 14964 | 14998 | 15217 | 15451 = 19763 | 15574 | 15804 | 15888 = 17999 | 16119 | 16171 | 17165 = 18086 | 17884 | 18333 | 18966 | 19605
G2,483,342,copies + similar,0.8,0.9831,0.052,5244 | 5401 | 5802 | 6220 | 6376 | 6569 | 6787 | 7147 | 7193 | 8147 | 8733 | 8961 | 9325 | 9649 | 9969 | 10014 = 10217 = 10451 = 11528 | 10025 = 10268 = 10285 = 11370 = 11728 = 11913 = 14270 | 10027 = 10582 = 11647 = 12386 = 13143 = 13566 = 14105 = 14828 | 10042 = 10677 = 12669 = 12909 = 13534 | 10045 = 11471 | 10059 | 10084 | 10086 | 10091 = 10783 = 10963 = 12737 | 10092 | 10098 | 10105 = 14708 | 10113 | 10127 = 13574 | 10179 | 10208 | 10210 | 10219 = 11074 | 10238 | 10251 = 10380 = 10699 = 13366 = 13846 | 10256 | 10258 | 10284 = 10426 = 14384 | 10287 | 10307 | 10312 | 10315 = 12769 | 10318 = 10929 = 13380 | 10340 = 13429 | 10341 | 10362 | 10364 = 11605 | 10371 | 10391 = 11221 = 12514 = 14650 | 10400 = 11026 = 11236 = 11299 = 13174 = 13563 = 14343 = 14990 | 10404 = 13559 | 10405 | 10408 = 11351 = 11811 | 10415 | 10418 | 10428 | 10434 = 11867 = 14004 | 10438 = 14261 | 10441 | 10457 | 10460 = 13425 | 10465 = 10885 | 10483 = 11179 | 10485 = 12743 = 12794 = 13111 = 13885 = 14646 | 10497 = 11394 = 12419 | 10505 | 10514 = 13789 = 13953 = 14163 | 10520 | 10541 = 11900 | 10547 | 10557 | 10563 | 10564 | 10568 = 10894 | 10579 | 10585 = 12322 = 14141 | 10610 | 10631 | 10642 | 10643 = 11405 = 14872 | 10648 = 12043 = 13054 | 10661 | 10675 | 10692 | 10714 = 14680 | 10726 | 10730 = 11753 = 12907 | 10740 | 10743 | 10748 | 10750 | 10752 = 12951 | 10763 | 10802 | 10803 | 10808 = 12080 | 10812 | 10816 | 10837 = 10898 | 10854 = 13402 | 10865 | 10868 | 10882 | 10927 | 10954 | 10960 = 12521 = 12983 | 10981 | 11000 = 14681 | 11010 = 11358 = 13848 | 11014 | 11038 = 11592 = 12657 | 11076 | 11113 | 11119 | 11121 | 11125 | 11145 = 11700 = 11972 | 11156 | 11163 = 14297 | 11186 = 13610 = 14231 | 11190 = 13412 | 11204 | 11249 = 14548 | 11255 | 11265 | 11272 | 11282 | 11297 = 12537 = 13166 | 11369 | 11386 = 13233 | 11414 = 12252 = 12417 = 12708 | 11417 | 11418 | 11423 | 11452 | 11479 | 11526 | 11534 = 11703 = 12632 = 13686 = 14540 = 14679 | 11545 | 11576 = 13389 = 13843 | 11588 = 13416 = 13838 = 14453 | 11614 | 11639 | 11642 | 11656 | 11671 | 11679 = 14959 | 11687 = 13584 | 11707 | 11736 | 11739 | 11740 = 12793 = 12832 | 11742 | 11781 | 11782 = 13199 = 13683 | 11844 | 11847 = 12873 | 11866 | 11893 | 11904 = 11909 | 11911 | 11919 | 11949 | 11967 | 11969 | 11987 | 11995 | 11996 | 12006 = 13263 = 13968 | 12029 | 12051 | 12060 | 12072 | 12088 = 14322 | 12091 = 12811 | 12111 | 12139 | 12142 | 12159 | 12180 | 12188 | 12207 | 12236 | 12246 | 12259 | 12268 = 13650 | 12298 | 12300 | 12302 | 12325 | 12366 | 12383 = 13168 | 12387 = 13205 | 12397 | 12402 | 12406 | 12428 = 13215 | 12436 | 12450 = 13651 | 12458 | 12462 | 12467 | 12497 | 12503 | 12510 | 12520 | 12524 | 12543 = 14784 | 12599 | 12604 = 13911 = 14095 = 14965 | 12609 | 12630 = 14840 = 14961 | 12660 | 12680 | 12692 = 14249 | 12701 | 12751 | 12767 | 12851 | 12885 | 12887 | 12893 | 12901 | 12939 | 12941 | 12946 | 12953 | 12955 | 12956 | 12964 | 12968 = 13740 | 13009 | 13074 = 13533 | 13080 | 13088 | 13098 | 13116 | 13123 | 13129 | 13133 = 14161 | 13135 | 13138 | 13149 | 13152 | 13169 | 13172 | 13198 | 13213 | 13248 | 13293 | 13330 | 13364 | 13371 | 13382 | 13417 | 13440 | 13447 | 13462 | 13466 | 13475 | 13505 | 13541 | 13555 | 13579 | 13582 | 13592 = 14777 | 13601 | 13614 | 13617 | 13621 | 13676 | 13716 | 13725 | 13726 | 13743 | 13750 | 13756 | 13772 | 13795 | 13800 | 13804 | 13806 | 13830 | 13888 | 13893 = 14491 | 13922 | 13966 | 13976 | 14003 | 14006 | 14016 | 14032 | 14049 | 14078 | 14099 | 14100 | 14135 | 14151 | 14166 | 14168 | 14182 | 14191 | 14211 | 14214 | 14215 | 14219 | 14224 | 14250 | 14269 | 14280 | 14282 | 14307 | 14318 | 14344 | 14364 | 14423 | 14444 | 14468 | 14536 | 14562 | 14563 | 14600 | 14604 | 14612 | 14616 | 14645 | 14673 | 14710 | 14719 | 14748 | 14770 | 14781 | 14791 | 14792 | 14804 | 14864 | 14894 | 14934 | 14987 | 14992 | 15928 | 18935
G3,298,160,copies + similar,0.8,0.9688,0.075,10004 = 10085 = 10385 = 12055 = 12123 = 14561 | 10006 = 12693 | 10009 | 10010 | 10018 = 10083 | 10033 = 10624 = 12240 | 10117 = 12699 = 13487 = 14226 = 14879 | 10133 = 10372 = 12585 = 13161 = 14258 | 10142 = 10191 = 11256 = 12619 = 12727 = 12936 = 13209 = 13398 = 14676 | 10163 | 10180 | 10220 = 11935 = 15475 = 17229 = 17830 | 10244 = 10367 = 11612 = 12220 | 10249 = 10693 = 10723 = 12466 = 14596 | 10261 = 10619 = 13165 = 14544 = 15526 = 15592 = 15689 = 19085 | 10266 = 11802 | 10273 = 13217 | 10280 = 14640 = 15615 | 10328 | 10348 | 10357 | 10360 = 10909 | 10370 = 10435 = 10503 = 11608 = 12487 = 13428 = 14848 | 10381 = 10873 = 12260 | 10390 = 13717 | 10414 = 11925 = 14283 | 10436 | 10443 = 12185 | 10474 | 10491 | 10504 = 10637 = 11061 = 11827 | 10536 = 10900 = 11682 = 11876 = 12617 = 14989 | 10554 | 10561 = 12256 | 10574 = 13448 | 10620 | 10646 | 10649 = 10801 = 14534 | 10764 | 10844 = 11206 = 11400 = 17091 | 10884 | 10973 = 13627 | 10978 = 12255 | 10979 = 14470 | 10995 = 12513 = 13883 | 11024 = 14886 | 11055 | 11060 = 12155 = 14303 = 14567 | 11230 = 14856 | 11231 = 13679 = 15220 = 17074 = 19287 = 19496 | 11253 | 11298 = 15353 = 16595 | 11318 | 11327 | 11339 = 14112 | 11362 | 11393 = 13544 | 11422 = 19598 | 11440 | 11445 | 11461 = 11751 | 11462 = 12538 = 14119 | 11478 | 11516 | 11578 = 13122 = 14086 | 11580 | 11595 | 11615 = 11733 = 11903 | 11636 | 11706 | 11734 | 11788 | 11821 | 11832 | 11851 | 11951 = 17521 | 11983 | 12002 = 12121 = 12645 = 12650 = 14641 | 12048 | 12098 | 12160 | 12175 | 12204 | 12205 | 12301 | 12321 = 13542 | 12373 | 12560 = 12798 | 12624 | 12629 = 13635 = 14671 | 12671 | 12672 | 12681 | 12744 | 12745 | 12755 | 12757 | 12848 | 12850 | 12906 | 12943 | 12994 | 13146 = 17474 | 13171 | 13221 = 14838 | 13363 | 13374 | 13383 | 13461 | 13499 | 13556 | 13569 | 13596 = 15025 = 15321 = 15338 = 15534 = 17108 = 18603 = 19873 | 13719 | 13815 = 13928 | 13845 | 13878 | 13923 | 13941 | 14022 | 14061 | 14074 | 14081 = 14260 | 14085 | 14110 | 14221 | 14236 | 14276 | 14287 | 14411 | 14412 | 14489 | 14565 | 14568 | 14595 | 14609 | 14678 | 14759 | 14845 | 14885 | 14956 | 15039 = 15540 = 16378 = 17382 = 19178 | 15146 = 17076 = 17704 = 19065 = 19156 | 15299 = 16133 = 16635 = 17177 = 18352 | 15440 | 15590 = 16995 | 15735 = 17394 | 15752 | 15864 = 18825 | 15910 | 16067 | 16147 = 18068 | 16338 | 17290 | 17327 | 18273 | 18745 | 18954 | 19151 | 19524
G4,177,140,copies + similar,0.8,0.9744,0.041,10015 | 10041 = 12193 | 10044 = 14464 | 10053 | 10060 | 10077 | 10139 | 10141 | 10184 = 10305 | 10201 = 10946 | 10227 = 12961 | 10289 | 10291 | 10317 | 10342 | 10356 | 10384 | 10420 | 10432 | 10455 | 10456 | 10467 | 10488 | 10524 | 10565 | 10566 = 10593 = 12496 = 12703 | 10598 | 10625 = 11816 = 13413 | 10630 = 18632 = 19015 | 10633 | 10660 = 12935 | 10665 | 10686 = 12550 | 10739 | 10833 | 10842 = 13520 | 10878 | 10880 | 10961 | 11040 | 11064 = 11431 = 12370 = 14587 | 11068 = 11650 = 12426 = 14089 = 14348 | 11077 = 13203 | 11079 | 11086 | 11128 = 13118 | 11177 | 11189 = 14047 | 11252 | 11284 | 11302 = 11881 = 13099 = 13392 = 14246 | 11316 | 11374 | 11397 = 12866 | 11403 | 11496 | 11500 | 11507 | 11530 | 11531 | 11558 | 11571 = 18677 | 11575 | 11686 = 11709 | 11754 | 11756 | 11940 | 11953 | 12024 | 12093 | 12129 = 14723 | 12144 | 12170 | 12173 | 12178 | 12279 | 12437 | 12481 | 12649 | 12668 | 12713 | 12812 | 12867 | 12971 | 13038 | 13113 | 13299 | 13313 | 13339 | 13391 | 13420 | 13433 | 13436 | 13459 | 13469 | 13514 | 13567 = 13727 = 14869 | 13628 | 13667 | 13723 = 14953 | 13744 | 13802 | 13844 | 13850 | 13872 | 13873 | 13876 | 13879 | 13987 | 13991 | 14031 | 14043 | 14046 | 14071 | 14077 | 14121 | 14175 | 14238 | 14277 | 14300 | 14354 | 14373 | 14424 | 14449 | 14474 | 14666 | 14705 | 14729 | 14732 | 14986 | 14988 | 16183 | 16270 | 16426 | 17084 = 17858 | 17493 | 17668 | 18886 | 18934 | 19732
G5,153,98,copies + similar,0.8,0.9804,0.146,10234 = 10481 | 10848 | 11032 | 11132 | 11264 = 16192 = 17686 = 17941 | 11279 | 11524 | 11574 | 11663 | 12235 | 12483 | 12501 | 12750 = 19490 | 12863 | 13454 | 13741 | 13839 | 14054 | 14700 | 14778 | 14911 | 15016 = 15185 = 15193 = 15436 = 16320 = 16432 | 15017 = 15267 = 16078 | 15031 = 15210 = 15314 = 15876 = 16109 | 15045 = 17832 = 18609 = 19260 | 15057 = 15715 = 16612 | 15063 = 15448 | 15068 | 15093 = 16706 = 17458 | 15109 | 15114 | 15151 = 16114 = 16258 = 16852 = 18590 = 18659 = 19546 | 15152 = 15725 = 15938 = 16440 = 17848 = 18118 | 15163 | 15174 = 18684 | 15296 | 15385 | 15406 = 15503 = 18203 = 18783 | 15443 | 15474 = 16999 | 15478 = 15604 | 15489 = 17175 | 15561 = 18666 | 15611 | 15787 = 16475 = 16519 | 15842 = 16507 = 17813 | 15881 = 16584 | 15942 = 16943 | 16058 | 16198 | 16266 | 16307 = 16420 | 16366 = 19611 | 16473 = 17989 | 16557 | 16718 | 16819 | 16853 | 16963 | 16966 | 17043 | 17058 | 17157 = 17962 = 18147 | 17163 | 17476 | 17645 | 17685 | 17742 | 17763 | 17789 | 17859 | 17938 | 17951 | 17970 | 17974 | 18090 | 18172 = 19079 | 18178 | 18243 | 18294 | 18530 | 18542 | 18544 | 18593 | 18767 | 18853 | 18940 | 18964 | 19049 | 19222 | 19535 | 19639 | 19745 | 19766 | 19773 | 19811 | 19867 | 19938
G6,114,95,copies + similar,0.8,0.9773,0.072,10101 = 13631 | 10250 | 10257 | 10308 | 10363 = 10373 = 11458 | 10407 = 13959 | 10450 = 13495 | 10516 | 10550 | 10571 | 10645 = 13753 | 10680 | 10711 = 10831 | 10768 = 11106 = 12781 | 10784 | 10787 | 10862 | 10890 = 11499 = 13349 | 10895 | 10950 | 10970 | 11048 | 11088 | 11109 | 11127 | 11194 = 11486 | 11243 | 11247 = 12732 | 11355 | 11436 = 13467 | 11464 = 14413 | 11497 | 11550 = 12412 | 11568 | 11625 | 11649 | 11689 | 11699 = 13570 | 11798 | 11833 | 11860 | 11915 | 11999 | 12000 | 12008 | 12078 | 12166 | 12169 | 12228 | 12266 | 12275 | 12299 | 12444 | 12549 | 12561 | 12565 | 12595 | 12787 | 12823 | 12872 | 12896 | 12922 | 12977 | 12997 | 13039 | 13048 | 13103 | 13187 | 13268 | 13290 | 13336 | 13387 | 13658 | 13669 | 13724 = 14983 | 13824 | 13881 | 13903 | 13958 | 14007 | 14041 | 14075 | 14093 | 14103 | 14228 | 14393 | 14429 = 14658 | 14461 | 14463 | 14501 | 14517 | 14649 | 14810 | 14829 | 14855
G7,112,59,copies + similar,0.8,0.9714,0.136,10282 = 12226 | 10746 | 10824 = 11673 = 12627 = 14554 | 10986 | 11212 | 11438 | 11513 | 11565 | 11586 | 11826 | 11950 = 14467 = 14841 | 12195 = 12934 | 12827 | 13186 = 13535 | 13458 | 13702 | 14313 | 14706 | 14750 | 14903 | 15074 = 15373 = 15434 = 15728 = 16257 = 18816 = 19700 | 15101 = 17442 | 15108 = 15192 = 15647 = 15705 = 16054 = 17260 = 18133 = 19753 = 19988 | 15184 = 18747 = 18898 = 19672 | 15218 = 15301 = 16021 = 16215 = 16359 = 17514 | 15247 | 15308 | 15311 = 15731 = 17953 | 15320 | 15327 = 15567 = 18995 = 19920 | 15383 | 15583 = 19784 | 15616 | 15706 | 15720 = 16445 = 17018 = 19950 | 15855 = 18056 | 15951 | 16208 | 16236 = 17639 = 18002 = 18997 | 16489 | 16574 | 16651 | 16709 = 19227 | 16741 | 16773 = 18832 | 16965 = 19460 | 17081 | 17239 = 19858 | 17950 = 18457 | 18055 = 18247 = 19727 | 18148 | 18171 = 19338 = 19765 | 18430 | 19054 | 19152 | 19326 | 19590 | 19677 | 19922
G8,103,52,copies + similar,0.8,0.9545,0.075,10146 = 10346 | 10209 = 10347 = 10529 | 10335 = 14509 = 14929 | 10437 = 13034 | 10538 | 10580 = 11916 = 12987 = 13801 = 13945 = 14479 = 14919 | 10668 = 10821 = 11036 = 11390 = 11585 = 12103 = 13831 = 14051 = 14598 = 16568 = 18237 | 10830 | 10839 | 10872 = 11363 = 14682 = 15334 = 15890 = 17642 | 11289 = 12929 = 14799 | 11329 | 11554 = 15614 | 11926 | 11976 | 11998 = 16386 | 12041 = 13902 | 12305 = 12711 = 12770 = 12844 = 13019 = 13424 = 13575 = 14428 | 12477 | 12478 = 17189 | 12492 | 12784 | 12982 | 13799 = 16447 | 13858 | 13890 = 15955 = 18423 | 14116 = 19902 | 14198 | 14223 | 14752 | 14785 | 14928 = 15606 | 15081 | 15120 = 15205 = 19246 | 15181 | 15196 | 15209 = 16632 = 17817 | 15319 = 16552 | 15326 | 15393 = 18005 | 15612 | 15770 | 15914 | 16586 | 16710 | 16791 | 17352 | 17625 | 18062 | 18290 | 18588 | 18803
G9,102,24,copies + similar,0.8,0.9583,0.149,10078 | 10153 = 10203 = 10222 = 10941 = 11033 = 11796 = 13027 = 13500 = 15388 | 10473 = 11046 = 14070 = 15009 = 15036 = 15164 = 15290 = 15362 = 15564 = 15580 = 16155 = 16855 = 17264 = 17322 = 17445 = 19364 | 10634 | 10949 = 15499 = 15631 = 16888 = 16909 | 11596 = 15079 = 15402 = 15527 = 15726 = 16407 = 16581 | 12104 | 12203 = 12911 = 15293 = 15934 = 19392 = 19434 = 19523 | 12363 = 15047 = 15211 | 12597 = 15282 = 15790 = 16713 = 18850 = 18937 = 18998 | 13136 = 14441 | 13589 = 16006 = 19423 | 15005 = 15048 = 15150 = 15697 = 16157 = 16337 = 16377 = 16569 = 17246 = 19053 = 19186 | 15006 = 15103 = 16007 = 16923 = 16942 | 15090 = 15618 = 16918 = 16950 = 17814 = 19238 = 19477 | 15348 = 17182 = 17472 = 18480 = 18577 | 15781 = 15964 = 17111 = 18768 | 16676 = 18060 | 16989 | 17875 | 18602 | 18863 | 19169 | 19349
G10,101,72,copies + similar,0.8,0.9765,0.128,10207 | 10224 | 10262 | 10306 = 11193 = 11748 | 10314 | 10319 | 10349 | 10379 | 10484 | 10499 | 10782 | 10811 | 10933 | 11107 = 13026 | 11144 | 11196 | 11251 | 11338 | 11371 | 11425 | 11446 = 14262 | 11498 = 11547 = 12790 | 11549 | 11737 = 16390 | 11766 | 11836 | 11963 | 12099 | 12167 = 14217 | 12636 | 12771 | 12828 | 12880 | 12932 | 13105 | 13164 | 13292 | 13357 | 13518 | 13554 | 13594 | 13713 | 13771 | 13828 | 13849 = 15275 = 16062 | 13856 | 13864 | 13899 = 17205 = 17213 | 13950 | 13955 | 13970 | 14010 = 14087 | 14108 | 14244 | 14353 | 14432 | 14552 | 14789 | 14858 | 14985 | 15113 = 16756 = 17274 = 19235 | 15122 = 16093 = 16525 = 16868 = 17679 = 19108 = 19751 | 15562 | 15642 = 16728 = 16928 = 17430 | 15948 | 16111 = 16615 = 17517 | 16332 | 16410 | 16582 | 16703 = 18332 = 19126 | 17693 | 17996
G11,83,69,copies + similar,0.8,0.9742,0.19,5022 | 5034 | 5065 | 5119 | 5157 | 5203 = 7670 | 5226 = 8801 | 5250 | 5254 = 5577 = 6301 | 5353 | 5460 | 5463 = 6251 = 8065 | 5509 | 5529 | 5673 = 9278 | 5788 | 5835 | 5922 = 7949 = 9371 | 5941 = 9648 | 6038 | 6059 | 6107 | 6168 = 8828 | 6169 | 6187 | 6199 = 9495 | 6238 | 6359 = 8434 | 6533 | 6722 | 6926 | 6960 | 7096 | 7233 | 7266 | 7366 | 7426 | 7456 | 7546 | 7576 | 7826 | 7868 | 7916 | 8044 | 8200 | 8251 | 8378 | 8477 | 8489 | 8502 | 8580 | 8835 | 9022 | 9029 = 9189 | 9032 | 9106 | 9161 | 9182 | 9318 | 9489 | 9553 | 9664 | 9694 | 9776 | 9825 | 9848 | 9874 | 9917 | 9972
G12,78,39,copies + similar,0.8,0.9574,0.101,10071 = 11334 = 15004 = 15405 | 10137 = 10226 = 11093 = 13182 | 10190 = 10542 | 10278 = 13593 = 13626 | 10301 = 10421 = 11002 = 11159 = 11806 = 11840 = 11886 = 12157 | 10412 | 10446 | 10489 = 10806 = 13245 = 13503 = 13994 = 14114 = 15001 | 10508 | 10559 = 11306 | 10670 | 10696 | 10855 = 10897 = 10964 = 11559 = 11939 | 10976 | 11364 = 12097 = 12163 = 12377 = 14801 | 11387 = 11611 | 11415 | 11725 | 11772 | 11791 | 11885 = 18169 | 12634 = 15092 | 13139 = 14268 | 13183 | 13232 | 13649 | 13747 | 13775 = 15518 | 14001 | 14146 | 14442 | 14733 | 14736 = 14909 | 14900 = 16768 | 15390 = 18163 | 15871 | 17781 | 19040 | 19803
G13,77,46,copies + similar,0.8,0.9818,0.352,6051 | 7064 | 7342 | 8700 | 9709 | 10119 = 11542 = 13449 | 10254 = 10267 = 10770 = 11110 = 12471 = 12646 = 12683 = 14478 = 14753 | 10310 = 10968 = 11047 = 11891 = 13127 = 14064 = 14256 | 10515 = 10709 = 11620 = 13238 | 10704 | 10920 | 10951 = 11200 = 13504 | 11001 = 11932 | 11382 = 13597 | 11429 | 11477 | 11613 = 14379 | 11783 | 11842 | 11871 | 11918 | 11961 = 12209 = 13089 = 13871 | 11970 | 12346 = 12797 = 13179 | 12522 | 12575 = 13904 | 12603 | 12605 | 12724 | 12759 | 12861 | 13368 = 13779 | 13586 | 13607 | 13854 | 13875 | 14034 | 14080 | 14129 | 14362 | 14584 | 14627 | 14866 | 14908 | 14944 | 16858
G14,76,59,copies + similar,0.8,0.9833,0.241,10012 | 10080 = 14636 | 10157 = 12760 | 10316 | 10323 | 10352 | 10431 = 10790 = 10924 = 11764 = 13681 = 14786 | 10466 = 13670 | 10664 | 10690 | 10916 | 10921 = 10990 = 12125 = 14157 | 10987 = 12965 | 10993 | 11004 | 11006 | 11037 = 14647 | 11039 | 11668 = 12544 = 14415 | 11719 = 13083 | 11805 | 11843 | 11897 | 12023 | 12025 | 12158 | 12382 | 12472 = 14933 | 12480 | 12518 | 12542 | 12570 | 12583 | 12623 | 12676 | 12792 | 12963 | 12993 | 13011 | 13224 | 13340 | 13418 | 13707 | 13818 | 13832 | 13887 | 13932 | 14036 | 14278 | 14279 | 14299 | 14314 | 14414 | 14655 | 14715 | 14725 | 14762 | 14780 | 14912
G15,74,71,copies + similar,0.8,0.981,0.072,10031 | 10193 | 10239 = 14094 | 10247 | 10272 | 10338 | 10353 | 10525 | 10551 | 10597 | 10605 = 11146 | 10647 = 12928 | 10733 | 10791 | 10944 | 11137 | 11209 | 11239 | 11472 | 11626 | 11780 | 11803 | 11955 | 12036 | 12066 | 12070 | 12110 | 12134 | 12282 | 12354 | 12390 | 12421 | 12505 | 12611 | 12674 | 12695 | 12741 | 12780 | 12820 | 12833 | 12883 | 12988 | 12995 | 13000 | 13095 | 13155 | 13283 | 13386 | 13438 | 13493 | 13600 | 13680 | 13738 | 13769 | 13917 | 14111 | 14179 | 14183 | 14284 | 14395 | 14433 | 14450 | 14460 | 14475 | 14594 | 14617 | 14668 | 14731 | 14764 | 14805 | 15681
G16,65,53,copies + similar,0.8,0.984,0.257,8243 | 10144 = 11322 = 12312 = 13546 | 10230 = 10406 | 10235 | 10464 | 10493 | 10500 | 10519 | 10687 | 10774 | 10829 | 11222 | 11293 | 11344 | 11376 | 11409 | 11600 = 12600 | 11776 | 12017 | 12212 | 12221 = 13892 | 12361 = 14939 | 12407 | 12429 = 14592 | 12439 | 12454 | 12580 | 12710 | 12764 | 12902 | 12992 | 13079 = 14310 = 14670 | 13210 | 13406 = 14132 | 13442 | 13537 | 13624 | 13730 | 13952 | 14008 | 14128 = 14174 | 14158 | 14199 | 14301 | 14366 | 14371 | 14403 | 14537 | 14621 | 14689 | 14727 | 14816 | 14945
G17,51,24,copies + similar,0.8,0.9783,0.257,10003 = 10221 = 10358 = 10498 = 11183 = 11674 = 14000 | 10026 = 10297 = 12546 | 10124 = 10448 = 10623 = 11758 = 12799 | 10148 | 10155 | 10198 = 10416 = 10530 = 11242 = 11889 = 14631 | 10263 = 10708 = 11357 = 12525 | 10472 | 10556 = 10738 | 10741 = 11238 = 11473 | 11285 = 13059 | 11495 | 11945 | 12486 | 13451 | 13517 = 13929 | 13766 = 14957 | 13925 | 13934 | 14162 | 14165 = 14369 | 14498 | 16975 | 18154
G18,50,42,copies + similar,0.8,0.9701,0.157,10063 = 13327 | 10165 | 10214 = 11164 | 10427 | 10433 | 10689 | 10761 | 10773 | 10847 | 10959 | 11044 | 11059 | 11089 | 11117 | 11305 = 11653 | 11548 | 11566 | 11577 | 11870 | 11929 | 12013 | 12045 | 12148 | 12206 = 14981 | 12234 | 12348 = 13372 | 12498 | 12601 | 12843 | 12986 = 15929 | 13028 | 13056 = 13393 | 13073 = 14125 | 13295 | 13365 | 13644 | 13821 | 14187 | 14447 | 14518 | 14756 | 15740
G19,49,33,copies + similar,0.8022,0.9348,0.206,10094 | 10136 | 10277 = 11050 = 11512 = 12996 | 10382 = 11848 = 11901 = 15000 | 10399 | 10440 | 10742 = 11158 = 13282 = 14171 | 10859 = 11693 = 12190 = 13486 = 14662 | 10969 | 10999 | 11073 | 11094 = 13474 = 14672 | 11564 = 12574 | 12179 | 12254 | 12278 | 12310 | 12598 | 13096 | 13109 | 13267 | 13377 | 13642 | 13648 | 14020 | 14145 | 14184 | 14360 | 14608 | 14661 | 14744 | 16107 | 17423
G20,44,35,copies + similar,0.8,0.9322,0.116,12052 | 12666 = 15391 | 15098 = 16849 | 15141 = 17413 | 15161 = 16212 | 15195 | 15214 | 15228 = 15619 | 15259 | 15554 | 15815 = 19849 | 15975 | 16019 | 16071 | 16081 | 16243 | 16315 | 16347 | 16425 = 17241 | 16493 | 16628 | 16789 | 16883 | 16890 | 16986 | 16994 | 17511 = 19550 | 17870 | 18071 | 18108 | 18564 | 18583 | 18629 = 19313 | 19348 | 19692
G21,36,19,copies + similar,0.8,0.9574,0.292,10048 = 15024 = 16969 | 10430 = 10703 = 11451 = 11819 = 13509 | 10471 | 10682 | 10818 | 11112 | 11337 = 15060 = 17195 = 18032 = 19223 | 13615 = 14216 = 15889 = 17527 | 14021 = 14381 | 14477 | 15144 | 15450 | 15869 | 16046 | 16104 | 17104 | 17169 | 17428 = 17590 = 18854 = 19242 | 18131
G22,36,16,copies + similar,0.8039,0.9792,0.292,10111 = 10722 = 12291 | 10169 = 12661 = 14072 | 10252 = 11880 = 12856 | 10311 = 12184 | 10361 = 11560 = 12106 | 10410 = 12449 | 10652 | 10845 = 11537 | 10936 = 14520 = 14897 | 10938 = 13093 = 14901 | 11216 = 14042 | 11437 = 12610 | 12468 | 12596 = 13581 = 14812 = 14974 | 14068 | 14601
G23,34,26,copies + similar,0.8085,0.8846,0.102,10110 = 10246 = 11155 = 12335 | 10189 = 13661 | 10199 | 10212 | 10232 | 10553 | 10613 | 11007 = 13912 = 14445 | 11353 | 11441 | 11480 | 11947 | 12168 | 12530 = 12607 = 17891 | 12707 | 13016 | 13017 | 13170 | 13300 | 13470 | 13897 | 13935 | 14332 | 14836 | 14948 | 15877
G24,32,24,copies + similar,0.8,0.9701,0.359,10074 | 10096 = 12800 | 10567 | 10607 | 10650 | 10779 = 12516 = 13069 = 14448 | 10809 | 10863 | 10876 | 11043 | 11166 = 13341 = 13677 | 11552 | 11856 | 11858 | 11936 | 12044 | 12405 = 14084 | 12579 | 13108 | 13703 = 14334 | 13943 | 14018 | 14097 | 14539
G25,28,20,copies + similar,0.8014,0.9817,0.221,10008 | 10211 | 10271 = 13435 | 10590 | 10606 | 10612 | 10628 = 11214 | 10694 = 13432 | 10861 = 11622 = 12073 = 13784 | 10901 | 10991 = 14936 | 11271 | 11523 | 11532 | 11875 | 12289 | 12350 | 12379 | 12905 = 14030 | 12924
G26,28,21,copies + similar,0.8026,0.9714,0.171,10017 | 10032 = 13842 | 10172 | 10223 = 11172 = 13999 | 10288 | 10402 | 10560 = 11173 = 12926 | 10584 = 12124 | 10910 | 11057 = 11474 | 11217 | 11250 | 11332 | 11391 | 11716 | 11794 | 12917 | 13275 | 13712 | 14076 | 14390
G27,26,12,copies + similar,0.8125,0.9574,0.515,13395 = 15123 = 15153 = 15315 = 15351 = 16350 = 18069 = 18432 | 13936 | 14993 | 15140 | 15284 = 16327 = 17631 = 19118 | 15409 | 15484 = 15873 = 16162 = 16777 = 17660 | 15954 | 17571 | 18275 | 18834 | 19671
G28,24,18,copies + similar,0.8,0.9643,0.196,10097 = 10501 = 11398 = 14820 | 10321 | 10626 | 10669 = 11354 = 19992 | 10817 | 11100 | 11711 | 12102 | 12474 | 12631 | 13526 = 15609 | 15078 | 15657 | 16599 | 17375 | 18048 | 18240 | 19381
G29,20,5,copies + similar,0.825,0.9487,0.8,11175 | 15010 = 15014 = 15049 = 15067 = 15623 = 16354 = 17471 = 18656 = 19888 | 15116 = 15309 = 15679 = 15800 = 16294 = 18501 = 19602 = 19807 | 17756 | 18604
G30,18,7,copies + similar,0.8068,0.9767,0.619,10020 = 11645 = 16495 | 10355 = 11722 = 12372 = 14458 | 10401 = 10470 = 10638 = 13894 = 16636 | 11126 | 11793 = 14059 | 11979 = 13990 | 13191
G31,18,6,copies + similar,0.8039,0.9592,0.533,10076 = 13901 = 19002 | 10336 = 10345 = 10930 = 11814 = 12824 = 14239 = 16779 | 10799 | 11527 = 11589 = 11878 = 14038 = 14790 | 13259 | 17117
G32,18,13,copies + similar,0.8052,0.9577,0.282,10147 | 10292 | 10304 | 11130 = 16069 | 11562 = 13068 | 11685 | 11902 | 11922 | 12127 | 15916 = 16204 = 18488 = 19262 | 16924 | 18149 | 18790
G33,18,12,copies + similar,0.8039,0.963,0.242,10260 | 10339 = 13488 = 15552 | 10482 | 11946 = 12558 = 13159 | 11991 | 13331 | 15204 = 18073 = 19844 | 15206 | 16011 | 17922 | 18239 | 19542
G34,18,4,copies + similar,0.8269,0.9423,1.0,11263 = 11348 = 15894 = 19083 = 19266 | 11291 | 11660 = 16684 = 17649 | 15012 = 15055 = 15124 = 16361 = 16545 = 17095 = 18465 = 18539 = 19372
G35,16,15,copies + similar,0.8,0.8902,0.162,10030 | 12568 | 12933 | 13519 | 13722 | 13782 | 14005 | 14263 | 14293 | 16785 = 17741 | 16870 | 18232 | 18907 | 19370 | 19644
G36,16,7,copies + similar,0.82,0.8667,0.429,10375 = 10932 = 11778 = 12554 = 13666 = 14730 | 10871 = 11342 = 12030 | 11482 | 11810 | 12945 = 13697 = 14012 | 14483 | 14588
G37,16,10,copies + similar,0.8182,0.9701,0.422,10495 = 11938 | 10591 | 10656 | 10681 | 10695 = 11245 = 13691 = 14434 | 11705 = 14651 | 11958 | 12937 = 14401 | 13949 | 14039
G38,16,4,copies + similar,0.8269,0.9423,1.0,11721 = 17626 | 15013 = 15170 = 17207 = 19110 | 15283 = 15404 = 15555 = 15645 = 15723 = 17994 | 15381 = 15996 = 16594 = 17491
G39,14,14,similar,0.8034,0.9817,0.484,10197 | 11087 | 11882 | 12233 | 12523 | 13317 | 13572 | 13623 | 13715 | 13762 | 13841 | 13866 | 13930 | 14837
G40,13,13,similar,0.8088,0.9688,0.372,10453 | 10673 | 11962 | 13379 | 13920 | 13998 | 15199 | 15306 | 15384 | 15480 | 16324 | 17278 | 17349
G41,12,11,copies + similar,0.8022,0.9753,0.291,10274 = 13612 | 11335 | 11616 | 11767 | 12723 | 13652 | 13809 | 13826 | 14143 | 14747 | 18535
G42,12,11,copies + similar,0.8,0.9077,0.2,10688 | 10948 | 11459 | 11593 | 11658 = 13142 | 12064 | 12430 | 12433 | 13114 | 14234 | 14696
G43,12,2,copies + similar,0.8235,0.8235,1.0,15034 = 15222 = 15280 = 15401 = 15886 = 15953 = 17034 = 18988 | 15227 = 15974 = 16196 = 19647
G44,12,11,copies + similar,0.8,0.9388,0.636,15344 | 15678 | 16030 | 16151 | 16563 | 17190 | 17265 | 17302 | 17573 = 19762 | 18417 | 18711
G45,11,5,copies + similar,0.8235,0.9692,0.6,10034 = 12547 = 13352 | 10334 = 10749 = 10827 | 10823 = 12954 = 13045 | 10992 | 17717
G46,11,8,copies + similar,0.825,0.9733,0.679,10051 | 10109 = 10543 = 12871 | 10120 | 11456 | 11968 = 12042 | 12957 | 13132 | 14312
G47,11,9,copies + similar,0.803,1.0,0.556,10233 = 11195 = 13696 | 10662 | 11555 | 11744 | 12010 | 13140 | 13860 | 13886 | 14361
G48,11,10,copies + similar,0.8045,0.9831,0.378,10325 | 10942 | 11643 | 11717 | 11828 | 12304 | 12422 = 13944 | 13196 | 13502 | 13813
G49,11,10,copies + similar,0.8095,0.9059,0.222,10387 = 11225 | 10528 | 10813 | 11085 | 12187 | 12717 | 12991 | 13280 | 13552 | 14052
G50,10,7,copies + similar,0.8602,0.9775,0.714,10303 = 11854 = 13982 | 10502 | 11275 | 13918 | 14098 | 15776 = 17066 | 19417
G51,10,10,similar,0.8068,0.9294,0.356,10917 | 11180 | 11695 | 11923 | 11952 | 12253 | 12555 | 14181 | 14737 | 18971
G52,10,5,copies + similar,0.8,0.9545,0.6,15430 = 15655 = 18396 | 15718 = 17888 | 16141 = 19125 = 19214 | 16274 | 17595
G53,9,8,copies + similar,0.8,0.9684,0.571,10019 | 10205 | 10794 | 11777 | 11943 = 12364 | 12018 | 12898 | 14577
G54,9,9,similar,0.8,0.9231,0.25,10079 | 10786 | 11015 | 11850 | 11985 | 12009 | 12921 | 13595 | 14482
G55,9,6,copies + similar,0.814,0.9324,0.533,10555 = 13551 = 14138 = 14734 | 12432 | 12731 | 12978 | 13587 | 14495
G56,9,7,copies + similar,0.8333,0.8983,0.286,10702 | 10870 = 13812 | 12074 | 12295 | 12761 | 13360 = 14340 | 13655
G57,9,7,copies + similar,0.8,0.9623,0.333,10735 | 11413 | 12026 | 12531 = 14637 | 13014 = 13988 | 14677 | 14889
G58,9,7,copies + similar,0.8,0.9221,0.381,10912 = 14167 | 11726 | 12398 = 14726 | 12756 | 13195 | 17412 | 18584
G59,9,6,copies + similar,0.8143,0.9701,0.533,11361 = 12616 = 14578 | 12004 = 12208 | 12265 | 12930 | 13228 | 13404
G60,9,2,copies + similar,0.9211,0.9211,1.0,15003 = 15171 = 15729 = 16790 | 15372 = 15504 = 15736 = 15959 = 16122
G61,8,8,similar,0.8135,0.8902,0.357,5174 | 5557 | 7531 | 7704 | 8211 | 9080 | 10911 | 11099
G62,8,6,copies + similar,0.8542,0.9765,0.667,10037 = 11097 = 12735 | 12836 | 12925 | 13347 | 14357 | 17234
G63,8,6,copies + similar,0.8033,0.963,0.333,10067 = 13131 | 14326 = 15771 | 15946 | 16365 | 17306 | 18616
G64,8,8,similar,0.8089,0.979,0.75,10112 | 10366 | 10369 | 10710 | 11746 | 12874 | 13085 | 14417
G65,8,7,copies + similar,0.8,0.9574,0.429,10903 | 13758 | 16329 | 16462 | 16730 = 18706 | 17392 | 18912
G66,8,3,copies + similar,0.8261,0.9286,0.667,10947 = 15421 = 17049 | 13287 | 15662 = 15682 = 15932 = 17089
G67,8,8,similar,0.8067,0.9565,0.464,11090 | 11978 | 13385 | 13706 | 14056 | 14581 | 14714 | 16137
G68,8,3,copies + similar,0.8421,0.9474,1.0,15037 = 16059 = 17901 = 18082 | 16250 = 16745 = 18942 | 19300
G69,8,5,copies + similar,0.8,0.9459,1.0,15291 = 17801 = 19541 | 15762 | 18419 = 19109 | 19841 | 19916
G70,8,5,copies + similar,0.8431,0.9583,1.0,15744 = 16401 = 17199 | 15747 | 15757 = 18892 | 17026 | 19029
G71,8,6,copies + similar,0.8095,0.9487,0.6,15832 = 17987 | 16163 | 16371 | 18402 | 18640 = 19956 | 19224
G72,7,5,copies + similar,0.8113,0.96,0.7,10039 | 11205 = 12952 | 11895 = 14317 | 12559 | 16231
G73,7,6,copies + similar,0.8,0.9286,0.533,10064 | 10099 | 10701 | 10998 = 14382 | 11475 | 15255
G74,7,2,copies + similar,0.8125,0.8125,1.0,10241 = 15453 = 16846 = 17393 = 18117 | 17340 = 19247
G75,7,7,similar,0.8214,0.9747,0.714,10337 | 10732 | 11443 | 13512 | 13604 | 13827 | 14549
G76,7,7,similar,0.8,0.9219,0.524,10667 | 10856 | 11974 | 12050 | 12773 | 13084 | 14275
G77,7,5,copies + similar,0.8143,0.9062,0.7,11453 | 11702 = 15602 | 15879 | 16144 = 16608 | 18298
G78,7,5,copies + similar,0.8378,0.971,0.8,11509 | 11927 = 12128 = 17966 | 14325 | 15638 | 15907
G79,7,1,identical (copies),,,,15021 = 15833 = 16190 = 16346 = 17238 = 17332 = 18201
G80,7,6,copies + similar,0.8148,0.8864,0.533,15042 | 15219 | 16112 = 17606 | 16328 | 17011 | 18070
G81,7,2,copies + similar,0.8889,0.8889,1.0,15089 = 15168 = 15495 = 15624 | 15444 = 15926 = 18220
G82,7,3,copies + similar,0.8125,0.9355,0.667,15246 = 16235 = 16509 = 19679 | 15792 = 16838 | 18887
G83,7,2,copies + similar,0.9211,0.9211,1.0,15998 = 16232 = 16556 = 16682 = 18664 | 18846 = 19210
G84,6,6,similar,0.8079,0.8571,0.533,5126 | 5349 | 6471 | 7429 | 7667 | 9208
G85,6,6,similar,0.8058,0.9657,0.4,5536 | 6372 | 6417 | 7856 | 9558 | 9613
G86,6,6,similar,0.8049,0.9469,0.533,10123 | 12367 | 12916 | 14235 | 14430 | 14628
G87,6,4,copies + similar,0.8,0.8723,0.667,10194 = 13343 | 10907 | 11617 | 11988 = 13250
G88,6,5,copies + similar,0.8,0.9077,0.5,10717 | 12892 | 16233 | 16960 | 18738 = 18962
G89,6,6,similar,0.8182,0.9189,0.533,10825 | 12021 | 12276 | 12716 | 12749 | 13276
G90,6,5,copies + similar,0.8224,0.94,0.8,11049 = 12664 | 11241 | 13071 | 13995 | 14824
G91,6,2,copies + similar,0.85,0.85,1.0,14079 | 15127 = 17325 = 18674 = 18680 = 18928
G92,6,2,copies + similar,0.9355,0.9355,1.0,15022 = 18196 = 18329 | 16074 = 16206 = 17656
G93,6,1,identical (copies),,,,15069 = 15732 = 16177 = 17719 = 18930 = 19301
G94,6,2,copies + similar,0.9211,0.9211,1.0,15149 = 15575 = 18340 | 16373 = 17297 = 19608
G95,6,3,copies + similar,0.8537,0.9512,1.0,15671 = 15935 = 16884 = 19906 | 15806 | 18515
G96,6,6,similar,0.8209,0.9241,0.4,15837 | 16510 | 17019 | 17916 | 18168 | 19717
G97,5,3,copies + similar,0.8065,0.8276,0.667,10023 = 13223 = 14854 | 10187 | 11731
G98,5,5,similar,0.8026,0.8767,0.5,10486 | 10569 | 11984 | 12411 | 14915
G99,5,5,similar,0.8101,0.92,0.6,10511 | 12107 | 14126 | 14451 | 18802
G100,5,5,similar,0.814,0.9831,1.0,10570 | 12384 | 12591 | 14067 | 14766
G101,5,4,copies + similar,0.8397,0.952,1.0,10766 | 13178 | 13326 | 13700 = 14870
G102,5,5,similar,0.8081,0.8817,0.5,10804 | 11005 | 11644 | 12054 | 14895
G103,5,3,copies + similar,0.8696,0.8936,0.667,10879 | 15325 = 16277 = 17331 | 16268
G104,5,5,similar,0.8309,0.9231,0.6,11071 | 11491 | 11905 | 12227 | 14529
G105,5,5,similar,0.8191,0.8989,0.4,12095 | 12242 | 12648 | 12654 | 13646
G106,5,5,similar,0.8099,0.839,0.4,12199 | 12643 | 13657 | 14521 | 14941
G107,5,5,similar,0.8085,0.9318,0.5,14625 | 15091 | 16435 | 18585 | 18813
G108,5,3,copies + similar,0.8889,0.8947,1.0,15289 = 15416 = 16323 | 18406 | 19659
G109,5,5,similar,0.8077,0.8367,0.5,15375 | 18787 | 18821 | 19353 | 19575
G110,5,2,copies + similar,0.9211,0.9211,1.0,15693 = 17956 = 19914 | 18476 = 18619
G111,4,4,similar,0.816,0.8409,0.5,5833 | 6645 | 7676 | 7957
G112,4,2,copies + similar,0.8723,0.8723,1.0,10081 = 11229 = 15708 | 10657
G113,4,4,similar,0.8046,0.8675,0.5,10154 | 12360 | 12740 | 14437
G114,4,4,similar,0.8049,0.8348,0.5,10213 | 10654 | 12534 | 13685
G115,4,4,similar,0.8125,0.8667,0.5,10389 | 10980 | 13608 | 13997
G116,4,4,similar,0.8353,0.9294,1.0,10603 | 11820 | 12356 | 14739
G117,4,3,copies + similar,0.925,0.9259,1.0,10715 | 11738 | 12465 = 17815
G118,4,4,similar,0.8143,0.9683,0.833,10753 | 11101 | 12606 | 14968
G119,4,4,similar,0.8095,0.8548,0.667,10974 | 11838 | 13041 | 14757
G120,4,4,similar,0.8125,0.8791,0.5,11160 | 12532 | 14048 | 14867
G121,4,3,copies + similar,0.8202,0.9277,0.667,11178 | 11667 = 12034 | 13993
G122,4,3,copies + similar,0.8085,0.8571,0.667,11884 = 14296 | 12058 | 19256
G123,4,4,similar,0.8286,0.9697,0.833,11989 | 12914 | 13226 | 15531
G124,4,4,similar,0.8039,0.8367,0.667,12083 | 12293 | 13044 | 14675
G125,4,4,similar,0.8333,0.9044,0.667,12285 | 13117 | 13721 | 14542
G126,4,4,similar,0.8105,0.8557,0.5,12385 | 12842 | 14289 | 14511
G127,4,4,similar,0.83,0.9072,0.667,13664 | 13940 | 14370 | 16392
G128,4,4,similar,0.8636,0.8636,1.0,13965 | 14881 | 14904 | 17706
G129,4,4,similar,0.8125,0.8478,0.5,14170 | 15080 | 15866 | 18252
G130,4,1,identical (copies),,,,15020 = 16129 = 17791 = 18637
G131,4,2,copies + similar,0.9211,0.9211,1.0,15065 = 15343 = 16597 | 15260
G132,4,2,copies + similar,0.9286,0.9286,1.0,15131 = 16637 = 19800 | 19673
G133,4,2,copies + similar,0.95,0.95,1.0,15438 = 15632 = 16393 | 18951
G134,4,2,copies + similar,0.8889,0.8889,1.0,15447 = 17268 = 17871 | 18003
G135,4,1,identical (copies),,,,15517 = 15634 = 16194 = 19127
G136,4,2,copies + similar,0.8276,0.8276,1.0,15722 = 18528 = 18580 | 17972
G137,4,4,similar,0.8261,0.8824,0.5,16441 | 16743 | 18414 | 18984
G138,4,4,similar,0.8,0.8333,0.5,16554 | 18136 | 18884 | 19097
G139,4,2,copies + similar,0.84,0.84,1.0,16793 | 17006 = 17593 = 19031
G140,3,3,similar,0.8393,0.8529,0.667,5081 | 5704 | 8364
G141,3,3,similar,0.8129,0.8291,1.0,5084 | 9608 | 9929
G142,3,3,similar,0.8114,0.8118,0.667,5341 | 6474 | 6587
G143,3,3,similar,0.8052,0.8105,0.667,7290 | 8298 | 8429
G144,3,3,similar,0.9085,0.9562,1.0,7897 | 8302 | 8780
G145,3,3,similar,0.8103,0.8491,0.667,10090 | 11067 | 14329
G146,3,3,similar,0.8193,0.9589,1.0,10164 | 11210 | 11481
G147,3,3,similar,0.8387,0.873,0.667,10202 | 10587 | 10977
G148,3,3,similar,0.8133,0.8684,0.667,10240 | 13889 | 17553
G149,3,3,similar,0.8393,0.8919,0.667,10283 | 12659 | 14862
G150,3,3,similar,0.8167,0.8571,1.0,10476 | 11502 | 14626
G151,3,3,similar,0.8158,0.9714,1.0,10672 | 12990 | 13415
G152,3,3,similar,0.8364,0.9057,1.0,10691 | 12734 | 14831
G153,3,3,similar,0.8272,0.8588,0.667,10754 | 12105 | 14693
G154,3,3,similar,0.8176,0.8303,0.667,10997 | 11246 | 11720
G155,3,3,similar,0.8454,0.8627,0.667,11084 | 13853 | 14669
G156,3,1,identical (copies),,,,11103 = 11276 = 11708
G157,3,3,similar,0.8261,0.9077,0.667,11165 | 12238 | 13216
G158,3,3,similar,0.8769,0.9677,1.0,11234 | 12504 | 14996
G159,3,3,similar,0.8431,0.9048,0.667,11467 | 12637 | 14958
G160,3,3,similar,0.831,0.8333,0.667,11598 | 16922 | 19000
G161,3,3,similar,0.8085,0.9765,0.667,11750 | 12665 | 13265
G162,3,2,copies + similar,0.8571,0.8571,1.0,12027 = 13483 | 18059
G163,3,2,copies + similar,0.9697,0.9697,1.0,12108 = 16135 | 13040
G164,3,3,similar,0.8175,0.8678,0.667,12118 | 12388 | 14315
G165,3,3,similar,0.8148,0.8182,0.667,12338 | 14916 | 14917
G166,3,3,similar,0.8062,0.8594,0.667,12448 | 13318 | 13407
G167,3,2,copies + similar,0.8136,0.8136,1.0,12588 | 14106 = 17785
G168,3,2,copies + similar,0.9341,0.9341,1.0,12635 | 13310 = 14155
G169,3,2,copies + similar,0.8182,0.8182,1.0,12782 = 14060 | 14960
G170,3,3,similar,0.8843,0.9741,1.0,13075 | 13345 | 14878
G171,3,2,copies + similar,0.907,0.907,1.0,13548 = 15166 | 15357
G172,3,3,similar,0.8049,0.881,0.667,14209 | 16834 | 19410
G173,3,3,similar,0.8235,0.8235,0.667,15028 | 16240 | 17321
G174,3,2,copies + similar,0.9388,0.9388,1.0,15064 = 15270 | 16368
G175,3,2,copies + similar,0.9167,0.9167,1.0,15096 = 15700 | 15287
G176,3,2,copies + similar,0.9333,0.9333,1.0,15130 = 15803 | 16222
G177,3,2,copies + similar,0.8125,0.8125,1.0,15157 = 16800 | 15867
G178,3,2,copies + similar,0.9286,0.9286,1.0,15176 | 17965 = 19382
G179,3,2,copies + similar,0.8537,0.8537,1.0,15194 = 16831 | 17023
G180,3,2,copies + similar,0.9429,0.9429,1.0,15269 = 19273 | 16872
G181,3,3,similar,0.8235,0.8429,0.667,15396 | 17093 | 18045
G182,3,3,similar,0.8235,0.9375,0.667,15399 | 15972 | 17577
G183,3,2,copies + similar,0.8889,0.8889,1.0,15521 = 18109 | 19689
G184,3,2,copies + similar,0.8113,0.8113,1.0,15598 = 16016 | 16200
G185,3,3,similar,0.8056,0.825,0.667,15701 | 15937 | 17856
G186,3,3,similar,0.8125,0.9333,0.667,15710 | 16885 | 17826
G187,3,3,similar,0.8182,0.8909,0.667,15754 | 15872 | 17760
G188,3,3,similar,0.8478,0.8667,0.667,15756 | 17220 | 19584
G189,3,3,similar,0.8333,0.8421,0.667,15981 | 16547 | 16606
G190,3,3,similar,0.8148,0.8182,0.667,16207 | 16465 | 16780
G191,3,2,copies + similar,0.8947,0.8947,1.0,16288 = 17793 | 17905
G192,3,3,similar,0.8,0.95,0.667,16801 | 17478 | 17795
G193,3,3,similar,0.8,0.8235,0.667,16912 | 18696 | 19044
G194,3,1,identical (copies),,,,16937 = 17025 = 17261
G195,3,1,identical (copies),,,,17125 = 18700 = 19585
G196,3,2,copies + similar,0.9375,0.9375,1.0,18582 = 19685 | 19076
G197,2,2,similar,0.8083,0.8083,1.0,2654 | 4390
G198,2,2,similar,0.8297,0.8297,1.0,2984 | 3377
G199,2,2,similar,0.8467,0.8467,1.0,5098 | 8678
G200,2,2,similar,0.8,0.8,1.0,5435 | 8285
G201,2,2,similar,0.8188,0.8188,1.0,5640 | 8691
G202,2,2,similar,0.8902,0.8902,1.0,6341 | 8209
G203,2,2,similar,0.8057,0.8057,1.0,6657 | 6847
G204,2,2,similar,0.8881,0.8881,1.0,7173 | 8690
G205,2,2,similar,0.8293,0.8293,1.0,8486 | 9043
G206,2,2,similar,0.8174,0.8174,1.0,10007 | 10771
G207,2,2,similar,0.8148,0.8148,1.0,10024 | 14397
G208,2,2,similar,0.916,0.916,1.0,10035 | 14109
G209,2,2,similar,0.8478,0.8478,1.0,10161 | 14769
G210,2,2,similar,0.8021,0.8021,1.0,10215 | 12003
G211,2,2,similar,0.9512,0.9512,1.0,10229 | 13423
G212,2,2,similar,0.9036,0.9036,1.0,10237 | 12400
G213,2,2,similar,0.8381,0.8381,1.0,10290 | 10558
G214,2,2,similar,0.8409,0.8409,1.0,10351 | 10841
G215,2,2,similar,0.8406,0.8406,1.0,10445 | 14826
G216,2,2,similar,0.8444,0.8444,1.0,10461 | 13222
G217,2,2,similar,0.8462,0.8462,1.0,10468 | 14142
G218,2,2,similar,0.8983,0.8983,1.0,10477 | 15505
G219,2,2,similar,0.8723,0.8723,1.0,10532 | 13547
G220,2,2,similar,0.8182,0.8182,1.0,10576 | 14386
G221,2,1,identical (copies),,,,10707 = 11008
G222,2,2,similar,0.8169,0.8169,1.0,10729 | 13021
G223,2,2,similar,0.8214,0.8214,1.0,10731 | 13837
G224,2,2,similar,0.8113,0.8113,1.0,10760 | 11812
G225,2,2,similar,0.8899,0.8899,1.0,10767 | 14599
G226,2,1,identical (copies),,,,10769 = 13291
G227,2,2,similar,0.8696,0.8696,1.0,10843 | 13814
G228,2,2,similar,0.8056,0.8056,1.0,10877 | 14349
G229,2,2,similar,0.8374,0.8374,1.0,10881 | 13110
G230,2,2,similar,0.85,0.85,1.0,10926 | 11058
G231,2,2,similar,0.8043,0.8043,1.0,11019 | 12969
G232,2,2,similar,0.83,0.83,1.0,11092 | 12186
G233,2,2,similar,0.8025,0.8025,1.0,11124 | 11541
G234,2,2,similar,0.9722,0.9722,1.0,11215 | 14519
G235,2,2,similar,0.844,0.844,1.0,11290 | 12712
G236,2,2,similar,0.8036,0.8036,1.0,11292 | 11310
G237,2,2,similar,0.823,0.823,1.0,11308 | 14758
G238,2,2,similar,0.819,0.819,1.0,11328 | 13471
G239,2,2,similar,0.8571,0.8571,1.0,11345 | 13543
G240,2,1,identical (copies),,,,11410 = 11529
G241,2,2,similar,0.8571,0.8571,1.0,11470 | 12215
G242,2,2,similar,0.8384,0.8384,1.0,11485 | 14375
G243,2,1,identical (copies),,,,11490 = 16889
G244,2,2,similar,0.9124,0.9124,1.0,11505 | 12469
G245,2,2,similar,0.9268,0.9268,1.0,11546 | 12791
G246,2,2,similar,0.9835,0.9835,1.0,11570 | 12754
G247,2,2,similar,0.8154,0.8154,1.0,11594 | 11883
G248,2,2,similar,0.8256,0.8256,1.0,11654 | 15944
G249,2,2,similar,0.85,0.85,1.0,11729 | 11760
G250,2,2,similar,0.8571,0.8571,1.0,11948 | 13989
G251,2,2,similar,0.8214,0.8214,1.0,11954 | 13184
G252,2,2,similar,0.8571,0.8571,1.0,11956 | 11957
G253,2,2,similar,0.8761,0.8761,1.0,11993 | 14053
G254,2,2,similar,0.8033,0.8033,1.0,12143 | 14523
G255,2,2,similar,0.8909,0.8909,1.0,12217 | 13803
G256,2,2,similar,0.8592,0.8592,1.0,12218 | 12443
G257,2,2,similar,0.81,0.81,1.0,12257 | 12830
G258,2,2,similar,0.8202,0.8202,1.0,12274 | 14330
G259,2,2,similar,0.8163,0.8163,1.0,12355 | 12821
G260,2,2,similar,0.881,0.881,1.0,12592 | 12748
G261,2,1,identical (copies),,,,12620 = 17367
G262,2,2,similar,0.814,0.814,1.0,12818 | 13561
G263,2,2,similar,0.9259,0.9259,1.0,12912 | 15978
G264,2,2,similar,0.8763,0.8763,1.0,12959 | 14115
G265,2,2,similar,0.8267,0.8267,1.0,13022 | 13307
G266,2,2,similar,0.8333,0.8333,1.0,13296 | 14222
G267,2,2,similar,0.8889,0.8889,1.0,13302 | 15529
G268,2,2,similar,0.8022,0.8022,1.0,13367 | 14763
G269,2,2,similar,0.8984,0.8984,1.0,13399 | 14940
G270,2,2,similar,0.878,0.878,1.0,13443 | 13690
G271,2,2,similar,0.973,0.973,1.0,13522 | 18264
G272,2,2,similar,0.8636,0.8636,1.0,13530 | 14494
G273,2,2,similar,0.8033,0.8033,1.0,13562 | 15162
G274,2,2,similar,0.8676,0.8676,1.0,13786 | 14416
G275,2,2,similar,0.8393,0.8393,1.0,13855 | 14189
G276,2,2,similar,0.8144,0.8144,1.0,13867 | 14574
G277,2,1,identical (copies),,,,13981 = 14500
G278,2,2,similar,0.9429,0.9429,1.0,15046 | 17597
G279,2,1,identical (copies),,,,15052 = 16591
G280,2,2,similar,0.8,0.8,1.0,15054 | 18718
G281,2,2,similar,0.8776,0.8776,1.0,15059 | 19056
G282,2,2,similar,0.9167,0.9167,1.0,15077 | 16740
G283,2,2,similar,0.8125,0.8125,1.0,15125 | 17149
G284,2,1,identical (copies),,,,15128 = 15500
G285,2,2,similar,0.8056,0.8056,1.0,15158 | 16446
G286,2,2,similar,0.8182,0.8182,1.0,15198 | 15991
G287,2,1,identical (copies),,,,15234 = 18756
G288,2,2,similar,0.8158,0.8158,1.0,15243 | 17161
G289,2,1,identical (copies),,,,15272 = 18792
G290,2,2,similar,0.9643,0.9643,1.0,15336 | 19969
G291,2,2,similar,0.9333,0.9333,1.0,15403 | 17459
G292,2,2,similar,0.8846,0.8846,1.0,15413 | 18538
G293,2,1,identical (copies),,,,15414 = 16527
G294,2,1,identical (copies),,,,15464 = 18865
G295,2,2,similar,0.8056,0.8056,1.0,15508 | 17536
G296,2,2,similar,0.9333,0.9333,1.0,15532 | 17209
G297,2,2,similar,0.8039,0.8039,1.0,15596 | 15854
G298,2,2,similar,0.9535,0.9535,1.0,15603 | 18519
G299,2,2,similar,0.8667,0.8667,1.0,15651 | 18153
G300,2,2,similar,0.9333,0.9333,1.0,15810 | 15997
G301,2,1,identical (copies),,,,15811 = 16403
G302,2,2,similar,0.9286,0.9286,1.0,15841 | 17305
G303,2,2,similar,0.8,0.8,1.0,15922 | 16530
G304,2,1,identical (copies),,,,15957 = 16115
G305,2,1,identical (copies),,,,15971 = 18765
G306,2,1,identical (copies),,,,16017 = 17308
G307,2,2,similar,0.8627,0.8627,1.0,16027 | 17391
G308,2,2,similar,0.85,0.85,1.0,16117 | 19866
G309,2,2,similar,0.8235,0.8235,1.0,16146 | 17168
G310,2,2,similar,0.825,0.825,1.0,16218 | 18897
G311,2,1,identical (copies),,,,16285 = 18280
G312,2,2,similar,0.8644,0.8644,1.0,16287 | 19366
G313,2,1,identical (copies),,,,16362 = 17744
G314,2,2,similar,0.9355,0.9355,1.0,16364 | 18921
G315,2,2,similar,0.8421,0.8421,1.0,16434 | 19533
G316,2,2,similar,0.8235,0.8235,1.0,16520 | 19067
G317,2,2,similar,0.8776,0.8776,1.0,16522 | 18388
G318,2,1,identical (copies),,,,16533 = 17426
G319,2,2,similar,0.8333,0.8333,1.0,16541 | 17102
G320,2,2,similar,0.8889,0.8889,1.0,16638 | 17073
G321,2,1,identical (copies),,,,16661 = 19667
G322,2,2,similar,0.8732,0.8732,1.0,16799 | 18096
G323,2,2,similar,0.8667,0.8667,1.0,16845 | 19471
G324,2,1,identical (copies),,,,16875 = 17243
G325,2,1,identical (copies),,,,16882 = 18460
G326,2,2,similar,0.8276,0.8276,1.0,16930 | 19785
G327,2,2,similar,0.8364,0.8364,1.0,16980 | 18926
G328,2,1,identical (copies),,,,17144 = 18353
G329,2,1,identical (copies),,,,17158 = 17695
G330,2,2,similar,0.8125,0.8125,1.0,17257 | 19384
G331,2,2,similar,0.8235,0.8235,1.0,17390 | 17988
G332,2,1,identical (copies),,,,17449 = 19159
G333,2,2,similar,0.9333,0.9333,1.0,17567 | 17809
G334,2,1,identical (copies),,,,17709 = 17990
G335,2,2,similar,0.8649,0.8649,1.0,17944 | 19742
G336,2,2,similar,0.8475,0.8475,1.0,18012 | 18996
G337,2,1,identical (copies),,,,18021 = 18399
G338,2,2,similar,0.8286,0.8286,1.0,18221 | 18502
G339,2,2,similar,0.8182,0.8182,1.0,18320 | 18658
G340,2,1,identical (copies),,,,18636 = 18869
G341,2,2,similar,0.8,0.8,1.0,28490 | 29700
