qid,sqlstorm_outcome,sqlstorm_elapsed_sec,sqlstorm_rapl_pkg_j,rerun_outcome,rerun_elapsed_sec,rerun_rapl_pkg_j,rerun_P,rerun_workers_launched,rerun_temp_written_blks,n_tables,n_join
200,timeout,15.16539,85.7945556640625,finished,29.340773,165.93054500001017,5.655288802377844,2.0,73206.0,4,5
333,timeout,15.067399,231.93395996093753,finished,23.540916,377.40864099998726,16.032028702705844,4.0,0.0,5,6
369,timeout,15.062996,85.65161132812499,finished,92.352707,520.6132299999881,5.637227612613327,0.0,0.0,6,7
442,timeout,15.075151,223.95349121093753,finished,16.559869,248.30313699999897,14.994269399111731,4.0,4008.0,4,4
451,timeout,15.05713,83.1378173828125,finished,20.445008,111.06068999999844,5.432166619841794,2.0,0.0,3,2
515,timeout,15.304897,256.3131103515625,finished,32.848238,484.98466000000184,14.764404105937183,4.0,375810.0,4,5
674,timeout,15.176816,83.86004638671875,finished,42.379485,236.6289719999986,5.583573561594687,0.0,142194.0,5,5
772,timeout,15.19768,84.6617431640625,finished,36.212367,205.55098699999508,5.676264879343432,3.0,109763.0,5,5
823,timeout,15.328767,89.22491455078125,finished,30.328313,174.69767200000933,5.760217259694245,4.0,132145.0,7,7
834,timeout,15.066964,246.18664550781247,finished,23.026445,379.30994199999253,16.472796473793178,4.0,0.0,5,5
854,timeout,15.068882,86.23223876953125,finished,35.955269,207.7796800000069,5.778838144696036,0.0,0.0,6,6
1018,timeout,15.070767,86.05914306640625,finished,36.383823,206.6533410000011,5.679813828250019,4.0,0.0,4,5
1068,timeout,15.217605,213.55133056640625,finished,40.35018,526.8875059999991,13.05787250515361,4.0,445016.0,5,4
1078,timeout,15.208242,84.70269775390625,finished,39.243526,219.86894400000165,5.602680656167379,3.0,111707.0,5,5
1116,timeout,15.215624,87.5169677734375,finished,20.28332,162.00941199998488,7.987322193801847,2.0,75162.0,5,5
1214,ok,14.796416,235.750244140625,finished,16.996606,294.5518579999916,17.330039773822588,4.0,0.0,4,4
1392,timeout,15.191571,85.45684814453125,finished,35.258327,202.800018000009,5.751833261969832,0.0,122198.0,5,5
1487,ok,15.016845,232.63690185546875,finished,15.257757,239.66613399999915,15.707822191689063,4.0,0.0,3,3
1575,ok,13.523364,117.72711181640624,finished,13.262406,115.40729699999793,8.7018371327192,2.0,99843.0,4,5
1724,timeout,15.066154,87.00897216796875,timeout (> 300 s),,,,,,6,6
1743,timeout,15.063513,87.08862304687501,finished,36.560619,215.3537579999993,5.890320347147275,4.0,0.0,5,6
1765,timeout,15.225071,86.9913330078125,finished,34.66684,194.2016509999994,5.601942692209598,0.0,127189.0,3,3
1820,timeout,15.05819,79.7904052734375,finished,76.105329,399.8661640000064,5.254115175035987,2.0,0.0,3,5
1955,timeout,15.211476,84.70880126953125,finished,37.04295,210.37348499998916,5.679177414325511,4.0,109916.0,4,4
1962,timeout,15.288219,86.75537109375,finished,33.929925,193.79680700000608,5.711678024634776,4.0,115830.0,4,5
1986,timeout,15.07138,225.95361328125,finished,16.839603,252.16762899999597,14.974677787831219,4.0,0.0,6,7
2080,timeout,15.056228,90.25714111328125,finished,32.485943,194.4537859999982,5.985782404407907,4.0,0.0,5,5
2189,timeout,15.056978,89.10479736328125,finished,36.905463,219.44401900000227,5.9461120701832755,4.0,0.0,3,2
2263,timeout,15.211973,85.90380859375,finished,33.372578,205.1633539999893,6.1476627307602465,4.0,122047.0,4,5
2326,timeout,15.073046,228.82727050781247,finished,16.015082,243.5307490000123,15.206337938201772,4.0,0.0,4,5
2516,ok,15.041916,240.16851806640625,finished,15.431455,248.77212900001905,16.121106467278622,4.0,0.0,6,7
2649,ok,13.176873,113.15478515625,finished,13.156645,113.3200829999987,8.613144384453538,2.0,91312.0,4,4
2658,ok,14.287147,82.60473632812499,finished,14.187358,83.06887900000038,5.855133774731024,0.0,0.0,3,2
2668,timeout,15.105925,97.2894287109375,finished,18.169824,115.31543899999816,6.346535827754753,3.0,27077.0,5,5
2851,timeout,15.20071,87.5269775390625,finished,34.34857,193.15569400000092,5.623398412219225,3.0,122198.0,5,5
2975,timeout,15.222229,87.59716796875,finished,31.585695,181.95845700000064,5.760786868865815,4.0,115794.0,4,4
3011,timeout,15.080733,87.22509765625,timeout (> 300 s),,,,,,5,5
3055,timeout,15.075302,222.57696533203125,finished,16.42706,246.81290600000648,15.024776557704572,4.0,4463.0,4,4
3097,timeout,15.193691,86.0546875,finished,37.486486,213.03839499999597,5.6830718942286556,4.0,109701.0,4,4
3302,ok,14.887092,233.19976806640625,finished,15.295868,244.12284900000668,15.960052021892885,4.0,0.0,4,4
3355,ok,14.731179,235.97406005859372,finished,15.008745,242.16130599999448,16.13468054790687,4.0,0.0,4,4
3472,timeout,15.231664,88.66986083984375,finished,31.960473,184.91224599999256,5.785654236093206,2.0,128415.0,5,5
3737,timeout,15.222614,84.44415283203125,finished,37.378098,211.94531999999887,5.67030778291605,4.0,109916.0,5,5
3741,ok,14.961973,234.81781005859372,finished,15.175527,240.0762289999984,15.819959926268023,4.0,0.0,4,4
3837,timeout,15.063,84.41802978515625,timeout (> 300 s),,,,,,5,4
3959,timeout,15.088416,254.62487792968753,finished,39.622392,584.9248939999998,14.762483143370037,4.0,0.0,5,4
4230,ok,14.52126,173.35400390625,finished,14.558546,164.98822500000824,11.332740577253267,3.0,168447.0,4,3
4249,timeout,15.056656,90.08905029296876,finished,18.419751,110.3033680000226,5.988320254710424,4.0,0.0,4,3
4436,timeout,15.195825,87.2294921875,finished,34.77195,194.25194400001783,5.586455289393257,3.0,86770.0,5,6
4490,timeout,15.213637,86.88323974609375,finished,20.783409,120.01928499998756,5.774764139992028,4.0,75162.0,5,6
4517,timeout,15.276409,88.0970458984375,finished,23.335912,135.91957399999956,5.8244809116523735,4.0,97648.0,5,6
4559,timeout,15.055866,81.74395751953125,finished,38.157678,202.74966400000264,5.313469650852514,4.0,0.0,3,4
4654,timeout,15.068755,234.47479248046875,finished,15.710695,247.4440070000055,15.75003569224694,4.0,0.0,4,4
4923,timeout,15.068116,232.40374755859372,finished,15.68542,243.60393000001204,15.530596566748741,4.0,0.0,5,7
4934,timeout,15.055168,236.19976806640625,finished,16.930254,262.233092999988,15.489022964450974,4.0,0.0,4,7
5016,timeout,15.242444,85.31567382812499,finished,37.787212,215.034728,5.690674612352984,4.0,135682.0,3,3
5052,timeout,15.310867,87.77288818359375,finished,26.405936,150.1598329999979,5.686593840112234,0.0,124032.0,3,2
5150,timeout,15.253894,85.8787841796875,finished,43.911069,249.12247000000207,5.673341043006766,0.0,207215.0,3,2
5239,timeout,15.068519,161.55865478515625,finished,22.168556,280.31349100000807,12.64464365653803,4.0,0.0,4,6
5315,timeout,15.186661,86.5660400390625,finished,32.604411,186.97425300002212,5.734630599522934,2.0,111625.0,4,5
5318,timeout,15.22074,85.66571044921875,finished,37.696333,216.4550739999977,5.742072418555876,0.0,145707.0,5,5
5361,timeout,15.070865,239.40539550781247,finished,22.719188,375.35707099999854,16.521588315568255,4.0,0.0,3,3
5416,ok,13.536822,149.6910400390625,finished,13.5605,148.6869970000116,10.964713469268212,3.0,105259.0,4,4
5448,timeout,15.227627,86.2227783203125,finished,33.946691,196.1982280000011,5.779598017373802,4.0,140719.0,4,4
5621,timeout,15.218236,169.99163818359375,finished,15.886929,176.23007900000084,11.092771862957331,4.0,172613.0,4,4
5626,timeout,15.065241,245.928466796875,finished,22.791435,381.4541630000167,16.73673303151016,4.0,0.0,3,4
5673,ok,14.59654,229.43927001953125,finished,14.92816,236.50018799999089,15.842554474227962,3.0,0.0,4,5
5681,timeout,15.265395,86.57177734375,finished,34.676589,194.42180400001237,5.6067165083628145,0.0,158469.0,4,3
5730,timeout,15.225554,89.8648681640625,finished,34.657724,204.0661889999992,5.88804357147051,3.0,148419.0,7,9
5789,timeout,15.220588,89.87213134765625,finished,32.946235,189.93005600000103,5.764848578297369,3.0,140846.0,5,5
5844,timeout,15.056913,240.95184326171875,finished,15.596486,250.00857600000015,16.029801584792892,4.0,0.0,4,6
5957,timeout,15.255725,85.73333740234375,finished,35.059432,204.6350959999836,5.83680579879285,4.0,153308.0,3,5
6038,timeout,15.107337,139.00164794921875,timeout (> 300 s),,,,,,3,6
6133,timeout,15.068867,175.66583251953125,finished,22.006845,278.6524849999987,12.66208241117701,4.0,7474.0,4,5
6181,timeout,15.069209,237.15002441406247,finished,22.936524,375.61372300000227,16.376226973189237,4.0,0.0,3,3
6188,timeout,15.254019,86.02239990234375,finished,24.124592,136.1910579999967,5.645320675267657,0.0,115380.0,4,6
6235,timeout,15.301332,168.74139404296875,finished,21.694132,218.62321900000097,10.07752783102827,3.0,128473.0,7,7
6296,timeout,15.059357,88.46704101562499,finished,15.695834,90.48920899999939,5.765173676021255,4.0,0.0,4,3
6303,timeout,15.05974,233.192138671875,finished,15.431663,240.98809200001412,15.616469333215358,4.0,0.0,4,4
6421,timeout,15.246058,84.361328125,finished,39.527803,225.51864900000507,5.705317065054313,0.0,165857.0,3,2
6457,timeout,15.197445,86.6221923828125,finished,20.743504,118.65240600000834,5.719978938949192,3.0,75162.0,5,5
6507,timeout,15.07123,89.57818603515625,finished,29.38686,172.66435300000012,5.875563193890063,3.0,0.0,5,6
6594,timeout,15.283303,87.40936279296875,finished,32.048897,181.1504760000098,5.652315460342046,4.0,115830.0,3,4
6605,timeout,15.223922,186.09094238281247,finished,16.524111,190.57513499999183,11.533155096815303,2.0,165864.0,4,4
6682,timeout,15.197297,87.58453369140625,finished,33.561576,196.72227500000008,5.861532694412207,3.0,128414.0,4,4
6722,ok,14.635084,231.48114013671875,finished,14.961119,239.00536999999892,15.975099857169702,2.0,0.0,4,4
6807,timeout,15.187223,84.87506103515625,finished,40.529987,227.70248099998568,5.618123711709695,0.0,135861.0,3,2
6858,timeout,15.268537,85.1348876953125,finished,29.491586,167.11425700000837,5.666506270636254,0.0,141943.0,3,2
6872,timeout,15.064082,249.02478027343753,finished,22.703593,379.2017270000069,16.70227822530147,4.0,0.0,3,4
6921,timeout,15.061429,86.5689697265625,finished,29.627941,179.75686400000268,6.067139933888848,4.0,0.0,6,7
6924,timeout,15.201112,182.86749267578125,finished,17.03609,193.33129200001713,11.348337089086586,4.0,135763.0,5,5
6939,timeout,15.185866,85.6199951171875,finished,38.387226,217.70915900002,5.671395974275923,0.0,113223.0,5,5
6962,timeout,15.060565,89.001953125,finished,42.808145,247.31473600000024,5.777282243834677,0.0,0.0,4,4
7097,ok,14.576149,236.04473876953125,finished,14.790674,241.90868200000116,16.35548738346888,4.0,0.0,4,4
7100,timeout,15.06247,86.10186767578125,finished,33.353466,189.11182099999857,5.669930105614768,0.0,0.0,6,4
7101,timeout,15.067288,239.07037353515625,finished,15.269447,244.82908599998336,16.033919630487166,4.0,0.0,4,4
7142,timeout,15.07611,221.28692626953125,finished,16.766993,250.4843439999968,14.939133331778502,4.0,4979.0,4,4
7282,ok,14.321805,159.2862548828125,finished,13.527384,150.71226000000024,11.141271660507327,4.0,122245.0,3,2
7313,timeout,15.258322,85.87335205078125,finished,31.296504,176.78507000000172,5.648716227218277,0.0,128305.0,5,6
7410,timeout,15.262875,86.5574951171875,finished,30.51802,174.64084899998852,5.722548481192047,2.0,141217.0,4,3
7485,timeout,15.068183,233.74951171875,finished,15.693372,243.25877700001,15.500733494370108,4.0,0.0,3,4
7555,timeout,15.074815,240.83209228515625,finished,23.072165,381.5383299999812,16.536737232937664,4.0,0.0,5,5
7576,timeout,15.216046,86.20825195312499,finished,36.908451,212.28430800000203,5.751645009431635,3.0,132590.0,6,6
7611,timeout,15.175901,84.12036132812499,finished,27.661768,159.80922200001075,5.77725986278284,3.0,123360.0,5,5
7637,timeout,15.257288,86.19561767578125,finished,38.135112,216.30437800000072,5.6720530413022185,3.0,170891.0,4,5
7638,timeout,15.245731,86.26489257812499,finished,33.027373,190.81170700001528,5.77738068964841,0.0,134480.0,4,3
7762,timeout,15.068871,82.16217041015625,finished,18.344394,100.48185899999224,5.4775240326822585,4.0,0.0,5,3
7896,timeout,15.216459,83.8099365234375,finished,38.437412,216.65508499999848,5.636567961443358,2.0,128635.0,4,3
7944,timeout,15.061826,85.51678466796875,finished,30.083884,174.21696099999826,5.79103951471154,3.0,0.0,5,5
7949,timeout,15.197981,85.68725585937501,finished,35.950292,204.02279399998952,5.675135934917845,0.0,128414.0,3,2
7954,timeout,15.250115,146.57427978515625,finished,18.450395,167.79790999999386,9.094542962359009,2.0,135608.0,4,7
7977,timeout,15.100555,163.83917236328125,finished,14.427269,157.79354199999943,10.937173348608072,4.0,117130.0,3,2
8028,ok,14.494216,234.08538818359372,finished,14.814607,243.14897500001825,16.412786042857448,4.0,0.0,4,4
8049,timeout,15.236232,167.87200927734375,finished,18.97746,199.233315999998,10.498418439559245,4.0,156182.0,6,6
8107,timeout,15.176282,160.823974609375,finished,20.570553,201.93856999999844,9.816876094677593,4.0,86597.0,6,6
8253,timeout,15.236796,87.3123779296875,finished,27.532414,160.94258199999604,5.845567410107811,2.0,102294.0,4,5
8359,timeout,15.241194,87.8175048828125,finished,34.157176,194.25639899999803,5.68713288826916,0.0,128381.0,3,3
8543,timeout,15.284132,138.98187255859375,finished,18.426258,162.72840399999404,8.831332113117815,2.0,183765.0,4,3
8893,timeout,15.064562,246.66424560546875,finished,22.283587,373.54726200000727,16.763336261796958,2.0,0.0,4,4
8972,timeout,15.064652,243.46441650390625,finished,23.063286,378.63025699998246,16.41701260609535,4.0,0.0,3,7
9095,timeout,15.065253,252.54235839843753,finished,21.997485,370.6076939999912,16.847730274619632,0.0,0.0,4,4
9161,timeout,15.059785,88.8233642578125,finished,20.594894,121.50206899999466,5.899620993436269,3.0,0.0,4,7
9319,ok,14.76269,236.787109375,finished,15.053408,243.1817499999888,16.154597683128554,4.0,0.0,3,3
9322,timeout,15.184523,177.64794921875,finished,16.04341,179.26077200000145,11.173483193410966,4.0,172611.0,3,2
9353,timeout,15.799979,156.866455078125,finished,19.795849,180.87911399999572,9.137224374665402,2.0,394643.0,7,5
9357,ok,14.372385,233.98107910156247,finished,14.649321,239.62975800000004,16.357738218720172,3.0,0.0,4,4
9363,ok,13.058416,152.364013671875,finished,13.285941,148.30339200000162,11.162430421751958,4.0,134120.0,4,3
9410,timeout,15.259045,86.74017333984375,finished,30.766183,174.31644799999776,5.665845776188673,2.0,140834.0,4,3
9478,timeout,15.07081,92.87371826171875,finished,17.240311,103.3934120000049,5.997189493855703,4.0,0.0,3,1
9482,timeout,15.069702,235.66607666015625,finished,23.239355,378.71216500000446,16.296156455289076,4.0,0.0,3,3
9497,timeout,15.182213,85.2108154296875,finished,37.731874,215.06298700001207,5.699769563526373,4.0,129604.0,4,3
9512,timeout,15.061406,85.8677978515625,finished,42.595619,243.93846199999095,5.726843927306021,0.0,0.0,4,3
9583,timeout,15.191836,84.4439697265625,finished,35.998614,201.30612599999583,5.59205212734012,0.0,134747.0,5,5
9585,timeout,15.20468,84.76263427734375,finished,37.720579,212.7111259999801,5.639126748292493,0.0,141943.0,3,2
9611,timeout,15.145478,95.22918701171875,finished,31.753255,189.39117799999076,5.9644649973676955,2.0,0.0,6,7
9718,timeout,15.198527,86.50341796875,finished,34.140313,194.15184700000097,5.6868795256798315,4.0,122198.0,3,3
9736,timeout,15.061018,86.67413330078125,finished,45.105758,258.29493200000434,5.7264292510061425,0.0,0.0,4,3
9898,timeout,15.182573,84.11199951171875,finished,37.905959,214.0767230000056,5.647574382698129,3.0,129646.0,4,4
10023,timeout,15.064752,87.76934814453125,finished,15.720046,89.59095700000762,5.699153615708734,0.0,161.0,3,2
10060,timeout,15.168933,95.00073242187501,finished,45.106377,273.78903300000087,6.06985200784361,4.0,51905.0,5,4
10094,ok,13.911084,91.51226806640624,finished,13.824109,90.00892500000192,6.511010944719976,2.0,100182.0,5,4
10246,timeout,15.214852,86.93359375,finished,22.597422,129.12003100000584,5.713927500225726,0.0,81405.0,5,5
10338,timeout,15.179008,85.04760742187501,finished,21.378165,124.26652799999285,5.812778037777932,3.0,62608.0,5,6
10364,timeout,15.06584,86.01849365234375,finished,20.141488,117.3566329999885,5.826611867007468,0.0,0.0,6,5
10377,timeout,15.251345,87.96697998046875,finished,25.996788,148.3624749999999,5.7069540667870164,0.0,140877.0,3,2
10393,ok,14.671225,84.6995849609375,finished,14.748253,85.7296389999974,5.812867395209277,4.0,8192.0,5,4
10465,timeout,15.207944,145.4739990234375,finished,19.987437,180.81252499999937,9.04630868880284,2.0,85711.0,6,6
10518,timeout,15.242763,87.20404052734375,finished,28.768257,222.06431200000225,7.719074256045553,2.0,135671.0,6,7
10567,timeout,15.300801,89.97430419921875,finished,23.599261,142.9812630000015,6.0587178132400625,4.0,82806.0,5,6
10568,timeout,15.646184,157.238037109375,finished,16.786955,170.99193200000445,10.18600049860171,2.0,418109.0,5,4
10587,ok,14.624679,233.97412109375,finished,14.960651,241.29924799999932,16.12892700992753,4.0,0.0,4,3
10591,timeout,15.151834,85.7501220703125,finished,36.146169,202.9132979999995,5.613687525225688,0.0,95037.0,4,4
10650,timeout,15.202156,85.46600341796875,finished,36.490913,207.90840300000852,5.697539083223501,0.0,132729.0,3,2
10651,timeout,15.148278,87.81353759765625,finished,36.670082,213.48864999999927,5.821875446037979,0.0,94760.0,4,3
10681,timeout,15.066296,252.6357421875,finished,22.452545,377.2697859999898,16.802985407667137,4.0,0.0,3,2
10703,timeout,15.219437,86.04058837890625,finished,31.777537,177.9938070000062,5.601246156994678,0.0,128226.0,4,4
10728,timeout,15.265207,110.95074462890624,finished,31.327203,201.06326700000497,6.4181684844320435,3.0,129510.0,5,6
10869,timeout,15.253056,87.47222900390625,finished,26.995094,157.5673459999998,5.83688821383618,0.0,107211.0,4,3
10910,timeout,15.269409,89.4991455078125,finished,36.699152,212.232978,5.783048556544304,3.0,132729.0,5,5
10944,timeout,15.062262,86.5860595703125,finished,43.859153,254.18111199999112,5.795394908788848,0.0,0.0,4,3
11104,timeout,15.208036,90.9986572265625,finished,31.570904,184.879105,5.8559965530287,2.0,122047.0,5,6
11151,timeout,15.184142,86.7081298828125,finished,21.200981,121.592644999997,5.735236732677465,4.0,62608.0,3,3
11325,timeout,15.721836,199.37139892578125,finished,21.672869,274.4259949999996,12.662190455725987,2.0,461633.0,5,4
11362,timeout,15.061959,86.78155517578125,finished,17.68417,103.05326400000195,5.827430068813065,0.0,0.0,4,3
11435,timeout,15.797318,244.57861328125,finished,22.60499,349.5265709999949,15.462363442761747,3.0,330416.0,5,6
11465,timeout,15.201668,85.0560302734375,finished,34.907321,201.89029100001787,5.783608859586155,4.0,132729.0,4,4
11477,timeout,15.276898,233.50653076171875,finished,15.249597,234.2572130000044,15.361534668752519,3.0,280696.0,5,6
11636,timeout,15.524375,159.22845458984375,finished,19.179471,187.94464799999693,9.799261303922144,2.0,283317.0,5,4
11654,timeout,15.252223,87.583984375,finished,25.839949,148.1149770000011,5.7320150670576435,0.0,98127.0,3,3
11655,timeout,15.244655,85.66461181640625,finished,22.799239,129.78708199999528,5.692605880397818,0.0,81290.0,5,5
11719,timeout,15.204298,176.2628173828125,finished,17.95411,197.78404000000592,11.016087124341219,4.0,105702.0,2,1
11720,timeout,15.243051,89.5504150390625,finished,22.916437,134.09816699999647,5.851615022003485,3.0,86887.0,5,5
11810,timeout,15.070822,85.85864257812499,finished,33.417746,195.29112599999644,5.843934716602264,0.0,0.0,5,7
11865,timeout,15.26454,89.49127197265625,finished,34.939454,205.0791250000002,5.86955723463796,3.0,132729.0,5,5
11892,ok,8.624226,87.5245361328125,finished,8.276314,82.91104300000006,10.017870636614328,2.0,53735.0,5,4
11981,timeout,15.255243,86.32916259765625,finished,26.901782,155.93484300001,5.796450324369219,0.0,123328.0,3,3
11986,ok,13.956717,90.32745361328125,finished,14.032904,92.51441100001102,6.592677538448992,2.0,86648.0,5,4
11997,timeout,15.240535,85.59478759765625,finished,32.374286,182.56459599999647,5.639185247205035,0.0,140877.0,4,4
12075,timeout,16.356157,248.96417236328125,finished,33.473528,546.7997479999904,16.335288828831857,3.0,438472.0,5,6
12119,ok,12.770869,129.6329345703125,finished,12.738083,126.03294199999073,9.894184391795118,2.0,94558.0,5,4
12146,timeout,15.17944,86.9337158203125,finished,20.985446,120.66357100001188,5.7498692665389095,4.0,62608.0,3,3
12184,timeout,15.097554,88.1181640625,finished,15.686622,92.5172190000012,5.8978420593038585,4.0,7879.0,4,3
12189,timeout,15.28352,86.45672607421875,finished,25.464876,149.75333999999566,5.88078025590997,3.0,129508.0,5,5
12262,timeout,15.061235,88.8121337890625,finished,38.327808,223.12955599999984,5.821610147911403,0.0,0.0,4,3
12343,timeout,15.245145,89.08123779296875,finished,26.35808,152.40244199999142,5.782000889290549,3.0,95037.0,5,5
12357,timeout,15.307652,86.76531982421875,finished,27.337134,157.9612649999908,5.778267209722526,0.0,129510.0,3,2
12381,timeout,15.213573,85.54956054687501,finished,35.271406,203.21676500000467,5.761515857916315,3.0,141008.0,5,5
12422,timeout,15.242,85.91290283203125,finished,33.355268,191.00512600000363,5.7263855892269735,2.0,123301.0,4,3
12486,timeout,15.509878,161.7420654296875,finished,15.323904,158.30910399999993,10.330859812225391,2.0,262431.0,5,4
12517,timeout,15.26658,87.37451171875,finished,22.562563,129.3495829999738,5.732929499187383,0.0,93843.0,3,2
12548,ok,14.18627,92.37750244140624,finished,13.873268,90.41334300000015,6.51709049374669,2.0,98462.0,5,4
12664,timeout,15.284547,84.6324462890625,finished,35.912011,204.72762499999956,5.700812048648558,0.0,129510.0,3,2
12688,timeout,15.183082,87.67578125,finished,34.600672,197.96091899999007,5.72130272498725,2.0,124209.0,5,5
12697,timeout,15.332883,87.71557617187501,finished,21.974069,126.78483200000483,5.769747605689453,4.0,81290.0,4,4
12724,timeout,15.349337,88.40692138671875,finished,18.866891,110.4052350000129,5.851797998939672,0.0,131706.0,3,3
12726,timeout,15.066939,238.45007324218753,finished,23.137695,378.9495299999999,16.378015614779255,2.0,0.0,4,3
12745,timeout,15.229506,92.74047851562499,finished,29.946879,175.96610299999884,5.875941295919312,4.0,109618.0,6,6
12810,timeout,15.256917,89.54760742187501,finished,32.280273,190.7669069999829,5.9097055034194685,2.0,140995.0,4,5
12850,timeout,15.223226,88.32373046875,finished,32.514718,186.900827999998,5.74819157281321,3.0,122198.0,5,5
12871,timeout,15.260907,86.333984375,finished,32.993969,188.01184799999464,5.698370147586507,0.0,146360.0,5,5
12940,timeout,15.060682,86.05401611328125,finished,42.073051,241.74126399998204,5.745750741965018,0.0,0.0,4,3
12942,timeout,15.199415,85.85571289062499,finished,33.041079,189.28070499999737,5.728647814437215,0.0,149073.0,4,4
13160,timeout,15.355419,233.96142578125,finished,16.497853,244.54136600001948,14.822617585453058,3.0,334186.0,5,6
13217,timeout,15.291184,85.43951416015625,finished,34.724947,199.26755600000612,5.7384552955546955,0.0,190836.0,3,2
13225,timeout,15.233334,86.85406494140625,finished,33.59302,193.7463299999945,5.767457942155676,0.0,141242.0,4,3
13250,timeout,15.514625,92.33813476562499,finished,25.994748,154.3630689999991,5.938240639993858,3.0,145278.0,5,7
13263,ok,8.289535,83.93328857421875,finished,8.248844,81.55472299997926,9.88680632098016,2.0,61149.0,6,5
13282,timeout,15.661011,158.89996337890625,finished,17.309286,171.5137820000018,9.90877278242452,2.0,404327.0,5,4
13441,timeout,15.821361,170.51812744140625,finished,18.638439,193.04796699999133,10.357517976692753,2.0,543092.0,5,4
13448,timeout,15.216247,85.51373291015625,finished,16.240461,100.79539600000135,6.206436873928723,0.0,81405.0,5,5
13538,timeout,15.062865,87.65582275390625,finished,15.877411,92.51825700001793,5.827036725321145,0.0,0.0,4,3
13564,timeout,16.265816,161.54779052734375,finished,17.120073,173.8018630000006,10.151934690932718,2.0,434861.0,5,4
13705,timeout,15.690362,164.5438232421875,finished,18.997445,183.09364800000913,9.6378038204616,2.0,445763.0,5,4
13800,timeout,15.311548,87.8697509765625,finished,25.706981,147.25078299999586,5.72804651779203,0.0,135403.0,4,4
13809,timeout,15.207471,86.64794921875,finished,26.070415,147.6823000000004,5.664746802074321,0.0,95037.0,5,5
13831,ok,14.52955,212.47943115234372,finished,14.490879,212.51550800000405,14.665467015493267,4.0,0.0,5,4
13863,timeout,15.241805,85.58148193359375,finished,36.370525,204.2206690000021,5.615004705046245,0.0,132729.0,3,2
13872,timeout,15.223986,86.6304931640625,finished,21.526589,126.25230100000044,5.864946880344138,4.0,81405.0,5,5
13928,timeout,15.194496,89.3675537109375,finished,29.797695,172.04887600000075,5.773898820026205,2.0,109618.0,5,5
13957,timeout,15.060923,86.20697021484375,finished,38.015297,221.07810899999456,5.815503927274186,0.0,0.0,4,3
13960,timeout,15.389682,91.3416748046875,finished,22.009179,129.9155000000028,5.902787196196768,4.0,109501.0,4,4
14009,timeout,15.209747,85.63458251953125,finished,32.620835,184.5979159999988,5.658896101218709,0.0,128226.0,5,5
14018,timeout,15.196744,89.9185791015625,finished,32.312164,188.894902,5.845937833194953,3.0,122198.0,5,5
14021,timeout,15.190745,83.11871337890625,finished,42.638732,239.7731899999999,5.623365863694068,0.0,167156.0,6,6
14039,timeout,15.221905,87.16143798828125,finished,34.559047,198.6503710000252,5.748143778386748,0.0,141242.0,4,3
14100,timeout,15.193214,84.63128662109375,finished,39.151198,219.94145300000676,5.617745158143226,0.0,140995.0,6,6
14257,timeout,15.253324,86.46514892578125,finished,36.4701,209.74305399999864,5.751096213062169,3.0,145278.0,5,7
14347,timeout,15.16238,84.24291992187501,finished,39.209961,218.6165059999912,5.575534900429797,2.0,110516.0,4,3
14378,timeout,15.521509,153.66455078125,finished,17.02078,173.94773600000187,10.219727650554315,2.0,282633.0,5,4
14381,timeout,15.069154,88.45965576171875,finished,21.237007,130.8270569999877,6.1603340338865875,2.0,139712.0,5,4
14515,timeout,15.072974,85.7034912109375,finished,32.216199,184.40052900000592,5.723844982457611,0.0,0.0,6,6
14517,timeout,15.280011,87.1552734375,finished,26.874042,153.89413699999568,5.726497599430546,0.0,140877.0,3,2
14556,timeout,15.060605,88.6668701171875,finished,40.807155,232.32716400000209,5.693294815578349,0.0,0.0,4,3
14590,timeout,15.654189,159.22296142578125,finished,16.967187,165.3472330000077,9.745117620263612,2.0,406406.0,5,4
14616,timeout,15.235512,86.70239257812499,finished,35.68847,204.9032230000012,5.741440386769205,0.0,140877.0,3,3
14624,timeout,15.194481,85.88403320312499,finished,34.86611,203.7934229999992,5.845028969391745,2.0,122198.0,5,7
14629,timeout,15.23548,86.4940185546875,finished,23.330191,135.54317200000514,5.809775496480297,0.0,81288.0,5,6
14692,timeout,15.248122,86.30206298828125,finished,25.204123,144.43804600000294,5.730730880816719,0.0,110788.0,5,5
14739,timeout,15.196348,88.32788085937501,finished,20.449344,119.41918900000017,5.839756473361697,2.0,68857.0,5,5
14814,timeout,15.321941,87.34014892578125,finished,23.312523,132.5915180000011,5.687566206369045,0.0,130513.0,4,4
14838,timeout,15.200103,92.29052734375,finished,34.725481,200.3996950000001,5.770969594344858,3.0,117081.0,5,7
20027,timeout,15.285297,92.04193115234376,finished,32.993206,192.32299400000193,5.8291696175267695,4.0,162202.0,5,5
20306,timeout,15.078893,80.34790039062499,timeout (> 300 s),,,,,,6,7
20434,timeout,15.059178,90.2391357421875,finished,30.859482,184.1269700000012,5.966625428126149,4.0,0.0,5,6
20632,timeout,15.190039,85.1033935546875,finished,17.292828,96.45696799998403,5.577859676854707,2.0,68472.0,5,6
20680,timeout,15.068079,157.1627197265625,finished,16.336767,170.15361699999994,10.415378820056622,2.0,0.0,4,3
20832,timeout,15.163938,85.2716064453125,finished,31.229503,177.78885199999783,5.692977310589855,4.0,76242.0,6,7
21062,timeout,15.174648,87.61468505859375,finished,36.994871,210.19617799999833,5.681765399317065,2.0,130272.0,5,7
21109,timeout,15.059111,88.17901611328125,finished,35.216551,202.3081370000145,5.74468910939105,2.0,493.0,6,7
21365,timeout,15.238241,164.0914306640625,finished,18.199136,186.40443000000232,10.24248788513929,4.0,128299.0,4,4
21391,timeout,15.066808,88.16528320312499,finished,16.326822,93.53314700000192,5.728803008938415,0.0,0.0,7,6
21566,ok,13.237608,147.5406494140625,finished,13.190817,145.18493099999614,11.006515441764991,3.0,0.0,7,7
22180,timeout,15.185846,85.5626220703125,finished,32.340796,182.81850199998007,5.652875767188293,2.0,131393.0,5,5
22641,timeout,15.283209,86.98504638671875,finished,27.726107,160.83344999999915,5.800794536355181,4.0,153654.0,6,6
22783,timeout,15.071793,91.0322265625,finished,246.628266,1473.246656,5.973551531193914,2.0,0.0,4,4
22945,timeout,15.065684,239.20562744140625,finished,23.447447,383.94988400000153,16.374912117297953,4.0,0.0,5,7
23122,timeout,15.066418,87.37823486328125,finished,38.2511,220.0779279999988,5.753505859962165,0.0,0.0,4,4
23193,timeout,15.27436,86.82830810546875,finished,24.370416,143.34521400000085,5.881935458139116,0.0,81373.0,4,3
23779,timeout,15.192923,86.79791259765625,finished,32.285216,186.49616499999684,5.776519042028303,4.0,111625.0,3,4
23780,timeout,15.264662,163.25152587890625,finished,16.60869,174.27506599999833,10.493004926938749,2.0,146625.0,6,6
23846,timeout,15.311007,151.38043212890625,finished,18.262412,171.7717779999948,9.405755274823216,1.0,113218.0,6,6
23955,timeout,15.073601,89.41448974609375,finished,15.628385,92.62341999999987,5.926614938139793,4.0,0.0,6,6
24190,timeout,15.06795,235.51226806640625,finished,15.670623,249.9317949999995,15.949065649783005,4.0,0.0,7,7
24372,timeout,15.213376,86.99829101562499,finished,30.889205,177.63437200000044,5.750694198830965,2.0,115794.0,6,7
24555,timeout,15.181078,85.2061767578125,finished,38.201326,214.36596799999825,5.6114797690529965,4.0,129646.0,5,5
24582,timeout,15.26948,89.5252685546875,finished,22.07615,127.05363000000943,5.755244007673867,2.0,109670.0,5,4
24855,ok,10.680499,95.88360595703124,finished,10.498442,93.7302900000068,8.928019033682027,4.0,81019.0,6,7
24866,timeout,15.079526,218.028076171875,finished,17.852741,260.62421100001666,14.598554418059202,4.0,4107.0,6,6
24889,timeout,15.204414,86.4052734375,finished,23.102792,142.2034330000024,6.1552488114857455,4.0,75046.0,6,7
24973,timeout,15.122248,245.20861816406247,finished,21.372077,268.769392000002,12.575726355468491,4.0,96666.0,4,4
25005,ok,13.722895,83.2049560546875,finished,13.776317,82.91598700001487,6.018733962060749,4.0,12954.0,6,5
25034,ok,14.732729,237.21160888671875,finished,14.958965,242.74791399997773,16.22758753697049,4.0,0.0,4,4
25058,timeout,15.23988,153.85296630859375,finished,19.838572,185.7069219999976,9.36090168183464,2.0,110407.0,4,5
25060,timeout,15.083686,243.829345703125,finished,22.994192,375.06605699998903,16.31133883721546,0.0,0.0,5,7
25392,timeout,15.286541,98.45745849609376,finished,28.972851,178.15286500000363,6.148958726913124,3.0,109098.0,4,6
25571,timeout,15.071918,251.47741699218753,finished,22.20833,371.28725800000393,16.718378104071938,4.0,0.0,4,4
25611,timeout,15.234826,85.9482421875,finished,32.012354,182.8832589999984,5.712896308718765,0.0,212149.0,2,4
25770,timeout,15.220028,88.87689208984375,finished,32.482498,188.46021100000144,5.801900180214017,4.0,122198.0,5,6
25788,timeout,15.236516,86.1214599609375,finished,34.700005,201.7097500000018,5.812960257498575,0.0,138648.0,5,2
25827,timeout,15.065666,86.77221679687501,finished,18.379553,106.73880099999953,5.807475350461435,0.0,13635.0,5,7
25861,timeout,15.173651,85.6427001953125,finished,38.084985,214.48187300001155,5.631664893658526,3.0,112824.0,5,6
26058,timeout,15.253082,231.87469482421875,finished,18.365318,287.29851999999664,15.643536365664708,4.0,91002.0,4,5
26304,timeout,15.226972,90.15411376953124,finished,16.880545,98.81444500002544,5.85374731680911,2.0,41200.0,7,8
26314,timeout,15.21534,152.507568359375,finished,17.490819,166.1823140000051,9.501116785898082,3.0,170493.0,5,6
26340,timeout,15.065764,247.89794921875,finished,16.994639,278.64967799998703,16.396328159720664,3.0,0.0,3,3
26400,timeout,15.069362,231.64276123046875,finished,16.839143,250.71450699999693,14.88879255909858,4.0,0.0,5,6
26403,timeout,15.094467,231.20404052734372,finished,16.445554,251.0815100000036,15.267440063132174,4.0,0.0,5,9
26420,timeout,15.072109,243.07537841796875,finished,15.617807,251.24612100000377,16.08715749912928,3.0,0.0,4,4
26431,timeout,15.071962,228.94274902343753,finished,16.353208,246.21921899999143,15.056325278807158,4.0,0.0,5,8
26499,ok,14.225208,231.16693115234372,finished,14.536893,238.3386849999952,16.39543504929115,3.0,0.0,3,4
26510,ok,10.63179,148.8634033203125,finished,10.968012,158.08052799999132,14.412869716042554,4.0,0.0,3,5
26534,timeout,15.066052,240.1181640625,finished,15.404275,246.19492699997497,15.982246941188402,2.0,0.0,5,4
26537,timeout,15.112975,231.060546875,finished,15.700756,241.60717000000292,15.388250731366243,3.0,0.0,4,5
26640,timeout,15.061147,90.42803955078125,finished,59.634099,354.72412900000927,5.9483438996874805,4.0,0.0,4,5
26702,timeout,15.070073,233.45452880859372,finished,16.749158,249.16287500000908,14.876143326130727,3.0,0.0,3,4
26704,timeout,15.32139,257.7513427734375,finished,50.82959,769.0364230000123,15.129699511642967,4.0,610990.0,3,3
26717,timeout,15.074097,224.9033203125,finished,16.460806,246.01493499999924,14.945497504800143,4.0,4512.0,4,4
26829,timeout,15.067086,242.79803466796875,finished,23.070523,382.6463590000003,16.585942113232555,4.0,0.0,3,3
26835,timeout,15.138897,241.475830078125,finished,16.415425,253.83949899999425,15.463474080018901,0.0,10828.0,6,6
26868,timeout,15.103508,253.60485839843753,finished,22.848354,379.49896799999993,16.609466397448145,4.0,11927.0,4,4
26960,timeout,15.082587,244.43231201171875,finished,24.233438,380.8239759999997,15.714814216620839,3.0,0.0,3,4
27045,timeout,15.306791,94.1219482421875,finished,31.909381,188.69421899999725,5.913440282655349,2.0,122555.0,5,7
27162,timeout,15.203068,224.87835693359372,finished,17.858449,260.69586599999457,14.597900747147445,4.0,54739.0,6,7
27203,timeout,15.070043,88.98120117187501,finished,15.250307,88.67018300000926,5.814321180551268,0.0,0.0,4,3
27264,timeout,15.277,87.22698974609375,finished,26.859025,173.21598800000356,6.449079517964765,4.0,129510.0,4,5
27384,timeout,15.05926,84.47845458984375,finished,18.089186,102.30076399998507,5.6553547517276375,0.0,0.0,4,3
27435,timeout,15.114219,217.35009765625,finished,18.280892,240.66961099999023,13.165091232965558,3.0,55454.0,4,4
27475,timeout,15.130928,246.75207519531247,finished,17.210411,277.582785000006,16.128771416325037,4.0,88760.0,4,5
27501,ok,13.338684,116.22918701171876,finished,13.14756,114.80713999999716,8.732201260157563,2.0,91898.0,3,5
27631,timeout,15.849038,137.486572265625,finished,19.377022,157.03139699998428,8.104000552818915,2.0,627613.0,5,4
27742,timeout,15.059722,89.15191650390625,finished,23.339458,138.60761700000148,5.938767601201428,4.0,0.0,2,2
27775,timeout,15.091181,88.77313232421875,finished,20.073421,116.85755000000061,5.821506458714766,4.0,12045.0,5,4
27839,timeout,15.057241,87.04534912109375,finished,20.796447,119.88543500000378,5.764707548361688,4.0,0.0,2,3
27846,timeout,15.056607,89.24017333984375,finished,17.049997,100.11784699999951,5.8720155200027015,3.0,0.0,3,4
27851,timeout,15.176824,84.01470947265625,finished,39.452888,222.5030920000063,5.639716210382527,0.0,135950.0,5,5
27925,timeout,15.176116,84.57763671875,finished,34.158125,196.44358900000225,5.751006210089174,2.0,110822.0,5,6
27935,timeout,15.858714,123.8897705078125,finished,17.811363,131.17184399999678,7.3645034352506755,2.0,630042.0,5,3
27966,timeout,15.102398,87.32342529296875,finished,28.538158,164.16498499998124,5.752473057300378,0.0,13178.0,5,5
28022,timeout,15.081308,242.61138916015625,finished,23.165272,384.65270199999935,16.604713383032987,4.0,0.0,3,4
28124,ok,14.971764,231.42077636718753,finished,15.285076,240.581050000008,15.7396044350717,3.0,650.0,4,4
28292,timeout,15.060756,238.25445556640625,finished,16.455213,249.86746299999504,15.18469940194606,3.0,13889.0,5,6
28337,timeout,15.059414,86.0408935546875,finished,15.774204,89.77906699999583,5.691511723824279,0.0,0.0,3,3
28474,timeout,15.205072,91.8841552734375,finished,19.31664,115.7340790000162,5.991418745704025,4.0,66356.0,3,4
28481,timeout,15.202596,86.3553466796875,finished,34.868811,200.1733769999992,5.740757176951035,0.0,127915.0,5,6
28482,ok,14.41714,228.17181396484372,finished,14.850506,236.90247000000087,15.952484716682442,3.0,0.0,3,5
28584,timeout,15.251759,160.86004638671875,finished,16.116184,165.58514699999796,10.274463669563337,4.0,138404.0,5,5
28592,timeout,15.274312,92.8883056640625,finished,18.928769,113.960768000019,6.020506035021031,4.0,83287.0,4,6
28731,timeout,15.061196,85.99975585937501,finished,45.418989,260.3313039999921,5.731772321043784,0.0,0.0,4,3
28776,ok,13.954717,226.08349609375,finished,14.340296,231.71248099999505,16.158137949174485,4.0,0.0,3,2
29008,timeout,15.08171,241.92462158203125,finished,15.559323,249.7742629999993,16.053028978188788,4.0,0.0,5,4
29172,timeout,15.070296,251.96124267578125,finished,23.100856,377.1187849999988,16.3248835887293,3.0,0.0,6,7
29212,ok,12.963748,76.95654296875,finished,12.796131,75.96129300000028,5.9362703460913515,3.0,0.0,2,2
29302,timeout,15.195602,85.5892333984375,finished,38.309529,218.50493400000047,5.703670593287652,4.0,148341.0,3,3
29365,timeout,15.191833,86.2052001953125,finished,33.704075,193.42785000000003,5.7390048532707105,0.0,122198.0,3,3
29374,timeout,15.065738,249.41314697265625,finished,18.704498,307.15235099999694,16.421309516031755,3.0,0.0,3,3
29394,timeout,15.229292,84.6392822265625,finished,37.755609,213.91595600001165,5.665805999845259,0.0,147807.0,5,5
29437,ok,14.708034,216.349365234375,finished,14.65847,219.4412720000109,14.970271249319397,4.0,0.0,6,6
29610,ok,14.828064,234.21533203125,finished,15.057163,239.09649500000523,15.879252618836977,4.0,0.0,4,3
29675,timeout,15.075031,229.50799560546875,finished,18.323048,261.65082000000984,14.279874178139458,4.0,20900.0,3,3
29808,ok,14.292674,231.496826171875,finished,14.591605,237.95703199999843,16.30780383652096,3.0,0.0,4,4
29886,timeout,15.144733,249.83850097656247,finished,16.632483,271.5072999999975,16.323918683698487,4.0,61440.0,4,4
29993,timeout,15.060988,239.69720458984372,finished,16.154028,250.10971099999733,15.482807817344215,4.0,0.0,4,5
30155,timeout,15.200023,88.8973388671875,finished,38.99155,227.45211500000005,5.833369409525912,4.0,115794.0,5,5
30175,timeout,15.228522,86.50390625,finished,33.871099,205.72628000000256,6.073799967340964,4.0,111625.0,7,7
30831,timeout,15.278843,85.80487060546875,finished,31.620137,180.78609700000376,5.717435601243719,3.0,148255.0,4,5
30959,timeout,15.290493,88.35540771484375,finished,17.63904,102.65696300000036,5.819872453376167,4.0,116466.0,5,5
30969,timeout,15.221154,157.54400634765625,finished,15.47993,157.2307989999972,10.157074289095442,3.0,94697.0,5,7
31512,timeout,15.069452,241.849365234375,finished,23.197995,382.9759479999993,16.509010714072456,4.0,0.0,4,5
31911,timeout,15.236679,84.9251708984375,finished,19.33867,108.0124799999976,5.585310675449635,2.0,86019.0,4,5
32236,timeout,15.071452,228.1171875,finished,28.941123,323.191250999982,11.167198004029837,4.0,0.0,5,6
32456,timeout,15.079662,96.9090576171875,finished,109.497666,637.6194620000024,5.823132905864883,3.0,0.0,4,5
32708,timeout,15.055367,238.40686035156247,finished,15.498796,246.93253499999992,15.932368875621043,4.0,0.0,5,6
33306,timeout,15.281554,165.105224609375,finished,19.398617,196.486007999978,10.128866815607422,4.0,109659.0,5,5
33435,timeout,15.07095,234.68048095703125,finished,15.645723,247.7307509999955,15.833768180607281,4.0,0.0,5,6
33639,timeout,15.068545,232.14465332031247,finished,15.591967,241.01580100000135,15.45769055309066,4.0,0.0,4,5
33821,timeout,15.347472,87.75732421875,finished,26.550497,151.8254779999843,5.718366703266771,4.0,116894.0,5,6
33982,ok,14.489192,113.18841552734376,finished,14.538301,114.19428800002788,7.854720300537723,4.0,98775.0,5,7
34189,timeout,15.131326,133.5850830078125,timeout (> 300 s),,,,,,3,4
34199,timeout,15.057714,84.09063720703125,finished,26.40002,147.05400600000576,5.570223280134097,3.0,0.0,6,6
34276,timeout,15.061477,78.52056884765625,finished,29.37874,152.96347600000445,5.206604367648321,0.0,0.0,4,5
34549,timeout,15.099795,91.79962158203124,finished,15.572136,96.42187299999932,6.19194906851567,4.0,7821.0,5,5
34585,timeout,15.062469,86.935546875,finished,145.689513,833.2810699999972,5.719567955450556,2.0,0.0,4,4
34814,timeout,15.328346,83.67266845703125,finished,201.941368,994.3465140000008,4.923936704241801,2.0,15939.0,5,8
