qid,query,elapsed_sec,rapl_pkg_j,n_tables,n_join,category,rerun_outcome,rerun_elapsed_sec,rerun_rapl_pkg_j
10023,queries/stackoverflow/SQLStorm/10023.sql,15.064752,87.76934814453125,3,2,timeout,finished,15.720046,89.59095700000762
10060,queries/stackoverflow/SQLStorm/10060.sql,15.168933,95.00073242187501,5,4,timeout,finished,45.106377,273.78903300000087
1018,queries/stackoverflow/SQLStorm/1018.sql,15.070767,86.05914306640625,4,5,timeout,finished,36.383823,206.6533410000011
10246,queries/stackoverflow/SQLStorm/10246.sql,15.214852,86.93359375,5,5,timeout,finished,22.597422,129.12003100000584
10338,queries/stackoverflow/SQLStorm/10338.sql,15.179008,85.04760742187501,5,6,timeout,finished,21.378165,124.26652799999285
10364,queries/stackoverflow/SQLStorm/10364.sql,15.06584,86.01849365234375,6,5,timeout,finished,20.141488,117.3566329999885
10377,queries/stackoverflow/SQLStorm/10377.sql,15.251345,87.96697998046875,3,2,timeout,finished,25.996788,148.3624749999999
10465,queries/stackoverflow/SQLStorm/10465.sql,15.207944,145.4739990234375,6,6,timeout,finished,19.987437,180.81252499999937
10518,queries/stackoverflow/SQLStorm/10518.sql,15.242763,87.20404052734375,6,7,timeout,finished,28.768257,222.06431200000225
10567,queries/stackoverflow/SQLStorm/10567.sql,15.300801,89.97430419921875,5,6,timeout,finished,23.599261,142.9812630000015
10568,queries/stackoverflow/SQLStorm/10568.sql,15.646184,157.238037109375,5,4,timeout,finished,16.786955,170.99193200000445
10591,queries/stackoverflow/SQLStorm/10591.sql,15.151834,85.7501220703125,4,4,timeout,finished,36.146169,202.9132979999995
10650,queries/stackoverflow/SQLStorm/10650.sql,15.202156,85.46600341796875,3,2,timeout,finished,36.490913,207.90840300000852
10651,queries/stackoverflow/SQLStorm/10651.sql,15.148278,87.81353759765625,4,3,timeout,finished,36.670082,213.48864999999927
1068,queries/stackoverflow/SQLStorm/1068.sql,15.217605,213.55133056640625,5,4,timeout,finished,40.35018,526.8875059999991
10681,queries/stackoverflow/SQLStorm/10681.sql,15.066296,252.6357421875,3,2,timeout,finished,22.452545,377.2697859999898
10703,queries/stackoverflow/SQLStorm/10703.sql,15.219437,86.04058837890625,4,4,timeout,finished,31.777537,177.9938070000062
10728,queries/stackoverflow/SQLStorm/10728.sql,15.265207,110.95074462890624,5,6,timeout,finished,31.327203,201.06326700000497
1078,queries/stackoverflow/SQLStorm/1078.sql,15.208242,84.70269775390625,5,5,timeout,finished,39.243526,219.86894400000165
10869,queries/stackoverflow/SQLStorm/10869.sql,15.253056,87.47222900390625,4,3,timeout,finished,26.995094,157.5673459999998
10910,queries/stackoverflow/SQLStorm/10910.sql,15.269409,89.4991455078125,5,5,timeout,finished,36.699152,212.232978
10944,queries/stackoverflow/SQLStorm/10944.sql,15.062262,86.5860595703125,4,3,timeout,finished,43.859153,254.18111199999112
11104,queries/stackoverflow/SQLStorm/11104.sql,15.208036,90.9986572265625,5,6,timeout,finished,31.570904,184.879105
11151,queries/stackoverflow/SQLStorm/11151.sql,15.184142,86.7081298828125,3,3,timeout,finished,21.200981,121.592644999997
1116,queries/stackoverflow/SQLStorm/1116.sql,15.215624,87.5169677734375,5,5,timeout,finished,20.28332,162.00941199998488
11325,queries/stackoverflow/SQLStorm/11325.sql,15.721836,199.37139892578125,5,4,timeout,finished,21.672869,274.4259949999996
11362,queries/stackoverflow/SQLStorm/11362.sql,15.061959,86.78155517578125,4,3,timeout,finished,17.68417,103.05326400000195
11435,queries/stackoverflow/SQLStorm/11435.sql,15.797318,244.57861328125,5,6,timeout,finished,22.60499,349.5265709999949
11465,queries/stackoverflow/SQLStorm/11465.sql,15.201668,85.0560302734375,4,4,timeout,finished,34.907321,201.89029100001787
11477,queries/stackoverflow/SQLStorm/11477.sql,15.276898,233.50653076171875,5,6,timeout,finished,15.249597,234.2572130000044
11636,queries/stackoverflow/SQLStorm/11636.sql,15.524375,159.22845458984375,5,4,timeout,finished,19.179471,187.94464799999693
11654,queries/stackoverflow/SQLStorm/11654.sql,15.252223,87.583984375,3,3,timeout,finished,25.839949,148.1149770000011
11655,queries/stackoverflow/SQLStorm/11655.sql,15.244655,85.66461181640625,5,5,timeout,finished,22.799239,129.78708199999528
11719,queries/stackoverflow/SQLStorm/11719.sql,15.204298,176.2628173828125,2,1,timeout,finished,17.95411,197.78404000000592
11720,queries/stackoverflow/SQLStorm/11720.sql,15.243051,89.5504150390625,5,5,timeout,finished,22.916437,134.09816699999647
11810,queries/stackoverflow/SQLStorm/11810.sql,15.070822,85.85864257812499,5,7,timeout,finished,33.417746,195.29112599999644
11865,queries/stackoverflow/SQLStorm/11865.sql,15.26454,89.49127197265625,5,5,timeout,finished,34.939454,205.0791250000002
11981,queries/stackoverflow/SQLStorm/11981.sql,15.255243,86.32916259765625,3,3,timeout,finished,26.901782,155.93484300001
11997,queries/stackoverflow/SQLStorm/11997.sql,15.240535,85.59478759765625,4,4,timeout,finished,32.374286,182.56459599999647
12075,queries/stackoverflow/SQLStorm/12075.sql,16.356157,248.96417236328125,5,6,timeout,finished,33.473528,546.7997479999904
12146,queries/stackoverflow/SQLStorm/12146.sql,15.17944,86.9337158203125,3,3,timeout,finished,20.985446,120.66357100001188
12184,queries/stackoverflow/SQLStorm/12184.sql,15.097554,88.1181640625,4,3,timeout,finished,15.686622,92.5172190000012
12189,queries/stackoverflow/SQLStorm/12189.sql,15.28352,86.45672607421875,5,5,timeout,finished,25.464876,149.75333999999566
12262,queries/stackoverflow/SQLStorm/12262.sql,15.061235,88.8121337890625,4,3,timeout,finished,38.327808,223.12955599999984
12343,queries/stackoverflow/SQLStorm/12343.sql,15.245145,89.08123779296875,5,5,timeout,finished,26.35808,152.40244199999142
12357,queries/stackoverflow/SQLStorm/12357.sql,15.307652,86.76531982421875,3,2,timeout,finished,27.337134,157.9612649999908
12381,queries/stackoverflow/SQLStorm/12381.sql,15.213573,85.54956054687501,5,5,timeout,finished,35.271406,203.21676500000467
12422,queries/stackoverflow/SQLStorm/12422.sql,15.242,85.91290283203125,4,3,timeout,finished,33.355268,191.00512600000363
12486,queries/stackoverflow/SQLStorm/12486.sql,15.509878,161.7420654296875,5,4,timeout,finished,15.323904,158.30910399999993
12517,queries/stackoverflow/SQLStorm/12517.sql,15.26658,87.37451171875,3,2,timeout,finished,22.562563,129.3495829999738
12664,queries/stackoverflow/SQLStorm/12664.sql,15.284547,84.6324462890625,3,2,timeout,finished,35.912011,204.72762499999956
12688,queries/stackoverflow/SQLStorm/12688.sql,15.183082,87.67578125,5,5,timeout,finished,34.600672,197.96091899999007
12697,queries/stackoverflow/SQLStorm/12697.sql,15.332883,87.71557617187501,4,4,timeout,finished,21.974069,126.78483200000483
12724,queries/stackoverflow/SQLStorm/12724.sql,15.349337,88.40692138671875,3,3,timeout,finished,18.866891,110.4052350000129
12726,queries/stackoverflow/SQLStorm/12726.sql,15.066939,238.45007324218753,4,3,timeout,finished,23.137695,378.9495299999999
12745,queries/stackoverflow/SQLStorm/12745.sql,15.229506,92.74047851562499,6,6,timeout,finished,29.946879,175.96610299999884
12810,queries/stackoverflow/SQLStorm/12810.sql,15.256917,89.54760742187501,4,5,timeout,finished,32.280273,190.7669069999829
12850,queries/stackoverflow/SQLStorm/12850.sql,15.223226,88.32373046875,5,5,timeout,finished,32.514718,186.900827999998
12871,queries/stackoverflow/SQLStorm/12871.sql,15.260907,86.333984375,5,5,timeout,finished,32.993969,188.01184799999464
12940,queries/stackoverflow/SQLStorm/12940.sql,15.060682,86.05401611328125,4,3,timeout,finished,42.073051,241.74126399998204
12942,queries/stackoverflow/SQLStorm/12942.sql,15.199415,85.85571289062499,4,4,timeout,finished,33.041079,189.28070499999737
13160,queries/stackoverflow/SQLStorm/13160.sql,15.355419,233.96142578125,5,6,timeout,finished,16.497853,244.54136600001948
13217,queries/stackoverflow/SQLStorm/13217.sql,15.291184,85.43951416015625,3,2,timeout,finished,34.724947,199.26755600000612
13225,queries/stackoverflow/SQLStorm/13225.sql,15.233334,86.85406494140625,4,3,timeout,finished,33.59302,193.7463299999945
13250,queries/stackoverflow/SQLStorm/13250.sql,15.514625,92.33813476562499,5,7,timeout,finished,25.994748,154.3630689999991
13282,queries/stackoverflow/SQLStorm/13282.sql,15.661011,158.89996337890625,5,4,timeout,finished,17.309286,171.5137820000018
13441,queries/stackoverflow/SQLStorm/13441.sql,15.821361,170.51812744140625,5,4,timeout,finished,18.638439,193.04796699999133
13448,queries/stackoverflow/SQLStorm/13448.sql,15.216247,85.51373291015625,5,5,timeout,finished,16.240461,100.79539600000135
13538,queries/stackoverflow/SQLStorm/13538.sql,15.062865,87.65582275390625,4,3,timeout,finished,15.877411,92.51825700001793
13564,queries/stackoverflow/SQLStorm/13564.sql,16.265816,161.54779052734375,5,4,timeout,finished,17.120073,173.8018630000006
13705,queries/stackoverflow/SQLStorm/13705.sql,15.690362,164.5438232421875,5,4,timeout,finished,18.997445,183.09364800000913
13800,queries/stackoverflow/SQLStorm/13800.sql,15.311548,87.8697509765625,4,4,timeout,finished,25.706981,147.25078299999586
13809,queries/stackoverflow/SQLStorm/13809.sql,15.207471,86.64794921875,5,5,timeout,finished,26.070415,147.6823000000004
13863,queries/stackoverflow/SQLStorm/13863.sql,15.241805,85.58148193359375,3,2,timeout,finished,36.370525,204.2206690000021
13872,queries/stackoverflow/SQLStorm/13872.sql,15.223986,86.6304931640625,5,5,timeout,finished,21.526589,126.25230100000044
1392,queries/stackoverflow/SQLStorm/1392.sql,15.191571,85.45684814453125,5,5,timeout,finished,35.258327,202.800018000009
13928,queries/stackoverflow/SQLStorm/13928.sql,15.194496,89.3675537109375,5,5,timeout,finished,29.797695,172.04887600000075
13957,queries/stackoverflow/SQLStorm/13957.sql,15.060923,86.20697021484375,4,3,timeout,finished,38.015297,221.07810899999456
13960,queries/stackoverflow/SQLStorm/13960.sql,15.389682,91.3416748046875,4,4,timeout,finished,22.009179,129.9155000000028
14009,queries/stackoverflow/SQLStorm/14009.sql,15.209747,85.63458251953125,5,5,timeout,finished,32.620835,184.5979159999988
14018,queries/stackoverflow/SQLStorm/14018.sql,15.196744,89.9185791015625,5,5,timeout,finished,32.312164,188.894902
14021,queries/stackoverflow/SQLStorm/14021.sql,15.190745,83.11871337890625,6,6,timeout,finished,42.638732,239.7731899999999
14039,queries/stackoverflow/SQLStorm/14039.sql,15.221905,87.16143798828125,4,3,timeout,finished,34.559047,198.6503710000252
14100,queries/stackoverflow/SQLStorm/14100.sql,15.193214,84.63128662109375,6,6,timeout,finished,39.151198,219.94145300000676
14257,queries/stackoverflow/SQLStorm/14257.sql,15.253324,86.46514892578125,5,7,timeout,finished,36.4701,209.74305399999864
14347,queries/stackoverflow/SQLStorm/14347.sql,15.16238,84.24291992187501,4,3,timeout,finished,39.209961,218.6165059999912
14378,queries/stackoverflow/SQLStorm/14378.sql,15.521509,153.66455078125,5,4,timeout,finished,17.02078,173.94773600000187
14381,queries/stackoverflow/SQLStorm/14381.sql,15.069154,88.45965576171875,5,4,timeout,finished,21.237007,130.8270569999877
14515,queries/stackoverflow/SQLStorm/14515.sql,15.072974,85.7034912109375,6,6,timeout,finished,32.216199,184.40052900000592
14517,queries/stackoverflow/SQLStorm/14517.sql,15.280011,87.1552734375,3,2,timeout,finished,26.874042,153.89413699999568
14556,queries/stackoverflow/SQLStorm/14556.sql,15.060605,88.6668701171875,4,3,timeout,finished,40.807155,232.32716400000209
14590,queries/stackoverflow/SQLStorm/14590.sql,15.654189,159.22296142578125,5,4,timeout,finished,16.967187,165.3472330000077
14616,queries/stackoverflow/SQLStorm/14616.sql,15.235512,86.70239257812499,3,3,timeout,finished,35.68847,204.9032230000012
14624,queries/stackoverflow/SQLStorm/14624.sql,15.194481,85.88403320312499,5,7,timeout,finished,34.86611,203.7934229999992
14629,queries/stackoverflow/SQLStorm/14629.sql,15.23548,86.4940185546875,5,6,timeout,finished,23.330191,135.54317200000514
14692,queries/stackoverflow/SQLStorm/14692.sql,15.248122,86.30206298828125,5,5,timeout,finished,25.204123,144.43804600000294
14739,queries/stackoverflow/SQLStorm/14739.sql,15.196348,88.32788085937501,5,5,timeout,finished,20.449344,119.41918900000017
14814,queries/stackoverflow/SQLStorm/14814.sql,15.321941,87.34014892578125,4,4,timeout,finished,23.312523,132.5915180000011
14838,queries/stackoverflow/SQLStorm/14838.sql,15.200103,92.29052734375,5,7,timeout,finished,34.725481,200.3996950000001
1724,queries/stackoverflow/SQLStorm/1724.sql,15.066154,87.00897216796875,6,6,timeout,timeout (> 300 s),,
1743,queries/stackoverflow/SQLStorm/1743.sql,15.063513,87.08862304687501,5,6,timeout,finished,36.560619,215.3537579999993
1765,queries/stackoverflow/SQLStorm/1765.sql,15.225071,86.9913330078125,3,3,timeout,finished,34.66684,194.2016509999994
1820,queries/stackoverflow/SQLStorm/1820.sql,15.05819,79.7904052734375,3,5,timeout,finished,76.105329,399.8661640000064
1955,queries/stackoverflow/SQLStorm/1955.sql,15.211476,84.70880126953125,4,4,timeout,finished,37.04295,210.37348499998916
1962,queries/stackoverflow/SQLStorm/1962.sql,15.288219,86.75537109375,4,5,timeout,finished,33.929925,193.79680700000608
1986,queries/stackoverflow/SQLStorm/1986.sql,15.07138,225.95361328125,6,7,timeout,finished,16.839603,252.16762899999597
200,queries/stackoverflow/SQLStorm/200.sql,15.16539,85.7945556640625,4,5,timeout,finished,29.340773,165.93054500001017
20027,queries/stackoverflow/SQLStorm/20027.sql,15.285297,92.04193115234376,5,5,timeout,finished,32.993206,192.32299400000193
20306,queries/stackoverflow/SQLStorm/20306.sql,15.078893,80.34790039062499,6,7,timeout,timeout (> 300 s),,
20434,queries/stackoverflow/SQLStorm/20434.sql,15.059178,90.2391357421875,5,6,timeout,finished,30.859482,184.1269700000012
20632,queries/stackoverflow/SQLStorm/20632.sql,15.190039,85.1033935546875,5,6,timeout,finished,17.292828,96.45696799998403
20680,queries/stackoverflow/SQLStorm/20680.sql,15.068079,157.1627197265625,4,3,timeout,finished,16.336767,170.15361699999994
2080,queries/stackoverflow/SQLStorm/2080.sql,15.056228,90.25714111328125,5,5,timeout,finished,32.485943,194.4537859999982
20832,queries/stackoverflow/SQLStorm/20832.sql,15.163938,85.2716064453125,6,7,timeout,finished,31.229503,177.78885199999783
21062,queries/stackoverflow/SQLStorm/21062.sql,15.174648,87.61468505859375,5,7,timeout,finished,36.994871,210.19617799999833
21109,queries/stackoverflow/SQLStorm/21109.sql,15.059111,88.17901611328125,6,7,timeout,finished,35.216551,202.3081370000145
21365,queries/stackoverflow/SQLStorm/21365.sql,15.238241,164.0914306640625,4,4,timeout,finished,18.199136,186.40443000000232
21391,queries/stackoverflow/SQLStorm/21391.sql,15.066808,88.16528320312499,7,6,timeout,finished,16.326822,93.53314700000192
2189,queries/stackoverflow/SQLStorm/2189.sql,15.056978,89.10479736328125,3,2,timeout,finished,36.905463,219.44401900000227
22180,queries/stackoverflow/SQLStorm/22180.sql,15.185846,85.5626220703125,5,5,timeout,finished,32.340796,182.81850199998007
2263,queries/stackoverflow/SQLStorm/2263.sql,15.211973,85.90380859375,4,5,timeout,finished,33.372578,205.1633539999893
22641,queries/stackoverflow/SQLStorm/22641.sql,15.283209,86.98504638671875,6,6,timeout,finished,27.726107,160.83344999999915
22783,queries/stackoverflow/SQLStorm/22783.sql,15.071793,91.0322265625,4,4,timeout,finished,246.628266,1473.246656
22945,queries/stackoverflow/SQLStorm/22945.sql,15.065684,239.20562744140625,5,7,timeout,finished,23.447447,383.94988400000153
23122,queries/stackoverflow/SQLStorm/23122.sql,15.066418,87.37823486328125,4,4,timeout,finished,38.2511,220.0779279999988
23193,queries/stackoverflow/SQLStorm/23193.sql,15.27436,86.82830810546875,4,3,timeout,finished,24.370416,143.34521400000085
2326,queries/stackoverflow/SQLStorm/2326.sql,15.073046,228.82727050781247,4,5,timeout,finished,16.015082,243.5307490000123
23779,queries/stackoverflow/SQLStorm/23779.sql,15.192923,86.79791259765625,3,4,timeout,finished,32.285216,186.49616499999684
23780,queries/stackoverflow/SQLStorm/23780.sql,15.264662,163.25152587890625,6,6,timeout,finished,16.60869,174.27506599999833
23846,queries/stackoverflow/SQLStorm/23846.sql,15.311007,151.38043212890625,6,6,timeout,finished,18.262412,171.7717779999948
23955,queries/stackoverflow/SQLStorm/23955.sql,15.073601,89.41448974609375,6,6,timeout,finished,15.628385,92.62341999999987
24190,queries/stackoverflow/SQLStorm/24190.sql,15.06795,235.51226806640625,7,7,timeout,finished,15.670623,249.9317949999995
24372,queries/stackoverflow/SQLStorm/24372.sql,15.213376,86.99829101562499,6,7,timeout,finished,30.889205,177.63437200000044
24555,queries/stackoverflow/SQLStorm/24555.sql,15.181078,85.2061767578125,5,5,timeout,finished,38.201326,214.36596799999825
24582,queries/stackoverflow/SQLStorm/24582.sql,15.26948,89.5252685546875,5,4,timeout,finished,22.07615,127.05363000000943
24866,queries/stackoverflow/SQLStorm/24866.sql,15.079526,218.028076171875,6,6,timeout,finished,17.852741,260.62421100001666
24889,queries/stackoverflow/SQLStorm/24889.sql,15.204414,86.4052734375,6,7,timeout,finished,23.102792,142.2034330000024
24973,queries/stackoverflow/SQLStorm/24973.sql,15.122248,245.20861816406247,4,4,timeout,finished,21.372077,268.769392000002
25058,queries/stackoverflow/SQLStorm/25058.sql,15.23988,153.85296630859375,4,5,timeout,finished,19.838572,185.7069219999976
25060,queries/stackoverflow/SQLStorm/25060.sql,15.083686,243.829345703125,5,7,timeout,finished,22.994192,375.06605699998903
25392,queries/stackoverflow/SQLStorm/25392.sql,15.286541,98.45745849609376,4,6,timeout,finished,28.972851,178.15286500000363
25571,queries/stackoverflow/SQLStorm/25571.sql,15.071918,251.47741699218753,4,4,timeout,finished,22.20833,371.28725800000393
25611,queries/stackoverflow/SQLStorm/25611.sql,15.234826,85.9482421875,2,4,timeout,finished,32.012354,182.8832589999984
25770,queries/stackoverflow/SQLStorm/25770.sql,15.220028,88.87689208984375,5,6,timeout,finished,32.482498,188.46021100000144
25788,queries/stackoverflow/SQLStorm/25788.sql,15.236516,86.1214599609375,5,2,timeout,finished,34.700005,201.7097500000018
25827,queries/stackoverflow/SQLStorm/25827.sql,15.065666,86.77221679687501,5,7,timeout,finished,18.379553,106.73880099999953
25861,queries/stackoverflow/SQLStorm/25861.sql,15.173651,85.6427001953125,5,6,timeout,finished,38.084985,214.48187300001155
26058,queries/stackoverflow/SQLStorm/26058.sql,15.253082,231.87469482421875,4,5,timeout,finished,18.365318,287.29851999999664
26304,queries/stackoverflow/SQLStorm/26304.sql,15.226972,90.15411376953124,7,8,timeout,finished,16.880545,98.81444500002544
26314,queries/stackoverflow/SQLStorm/26314.sql,15.21534,152.507568359375,5,6,timeout,finished,17.490819,166.1823140000051
26340,queries/stackoverflow/SQLStorm/26340.sql,15.065764,247.89794921875,3,3,timeout,finished,16.994639,278.64967799998703
26400,queries/stackoverflow/SQLStorm/26400.sql,15.069362,231.64276123046875,5,6,timeout,finished,16.839143,250.71450699999693
26403,queries/stackoverflow/SQLStorm/26403.sql,15.094467,231.20404052734372,5,9,timeout,finished,16.445554,251.0815100000036
26420,queries/stackoverflow/SQLStorm/26420.sql,15.072109,243.07537841796875,4,4,timeout,finished,15.617807,251.24612100000377
26431,queries/stackoverflow/SQLStorm/26431.sql,15.071962,228.94274902343753,5,8,timeout,finished,16.353208,246.21921899999143
26534,queries/stackoverflow/SQLStorm/26534.sql,15.066052,240.1181640625,5,4,timeout,finished,15.404275,246.19492699997497
26537,queries/stackoverflow/SQLStorm/26537.sql,15.112975,231.060546875,4,5,timeout,finished,15.700756,241.60717000000292
26640,queries/stackoverflow/SQLStorm/26640.sql,15.061147,90.42803955078125,4,5,timeout,finished,59.634099,354.72412900000927
2668,queries/stackoverflow/SQLStorm/2668.sql,15.105925,97.2894287109375,5,5,timeout,finished,18.169824,115.31543899999816
26702,queries/stackoverflow/SQLStorm/26702.sql,15.070073,233.45452880859372,3,4,timeout,finished,16.749158,249.16287500000908
26704,queries/stackoverflow/SQLStorm/26704.sql,15.32139,257.7513427734375,3,3,timeout,finished,50.82959,769.0364230000123
26717,queries/stackoverflow/SQLStorm/26717.sql,15.074097,224.9033203125,4,4,timeout,finished,16.460806,246.01493499999924
26829,queries/stackoverflow/SQLStorm/26829.sql,15.067086,242.79803466796875,3,3,timeout,finished,23.070523,382.6463590000003
26835,queries/stackoverflow/SQLStorm/26835.sql,15.138897,241.475830078125,6,6,timeout,finished,16.415425,253.83949899999425
26868,queries/stackoverflow/SQLStorm/26868.sql,15.103508,253.60485839843753,4,4,timeout,finished,22.848354,379.49896799999993
26960,queries/stackoverflow/SQLStorm/26960.sql,15.082587,244.43231201171875,3,4,timeout,finished,24.233438,380.8239759999997
27045,queries/stackoverflow/SQLStorm/27045.sql,15.306791,94.1219482421875,5,7,timeout,finished,31.909381,188.69421899999725
27162,queries/stackoverflow/SQLStorm/27162.sql,15.203068,224.87835693359372,6,7,timeout,finished,17.858449,260.69586599999457
27203,queries/stackoverflow/SQLStorm/27203.sql,15.070043,88.98120117187501,4,3,timeout,finished,15.250307,88.67018300000926
27264,queries/stackoverflow/SQLStorm/27264.sql,15.277,87.22698974609375,4,5,timeout,finished,26.859025,173.21598800000356
27384,queries/stackoverflow/SQLStorm/27384.sql,15.05926,84.47845458984375,4,3,timeout,finished,18.089186,102.30076399998507
27435,queries/stackoverflow/SQLStorm/27435.sql,15.114219,217.35009765625,4,4,timeout,finished,18.280892,240.66961099999023
27475,queries/stackoverflow/SQLStorm/27475.sql,15.130928,246.75207519531247,4,5,timeout,finished,17.210411,277.582785000006
27631,queries/stackoverflow/SQLStorm/27631.sql,15.849038,137.486572265625,5,4,timeout,finished,19.377022,157.03139699998428
27742,queries/stackoverflow/SQLStorm/27742.sql,15.059722,89.15191650390625,2,2,timeout,finished,23.339458,138.60761700000148
27775,queries/stackoverflow/SQLStorm/27775.sql,15.091181,88.77313232421875,5,4,timeout,finished,20.073421,116.85755000000061
27839,queries/stackoverflow/SQLStorm/27839.sql,15.057241,87.04534912109375,2,3,timeout,finished,20.796447,119.88543500000378
27846,queries/stackoverflow/SQLStorm/27846.sql,15.056607,89.24017333984375,3,4,timeout,finished,17.049997,100.11784699999951
27851,queries/stackoverflow/SQLStorm/27851.sql,15.176824,84.01470947265625,5,5,timeout,finished,39.452888,222.5030920000063
27925,queries/stackoverflow/SQLStorm/27925.sql,15.176116,84.57763671875,5,6,timeout,finished,34.158125,196.44358900000225
27935,queries/stackoverflow/SQLStorm/27935.sql,15.858714,123.8897705078125,5,3,timeout,finished,17.811363,131.17184399999678
27966,queries/stackoverflow/SQLStorm/27966.sql,15.102398,87.32342529296875,5,5,timeout,finished,28.538158,164.16498499998124
28022,queries/stackoverflow/SQLStorm/28022.sql,15.081308,242.61138916015625,3,4,timeout,finished,23.165272,384.65270199999935
28292,queries/stackoverflow/SQLStorm/28292.sql,15.060756,238.25445556640625,5,6,timeout,finished,16.455213,249.86746299999504
28337,queries/stackoverflow/SQLStorm/28337.sql,15.059414,86.0408935546875,3,3,timeout,finished,15.774204,89.77906699999583
28474,queries/stackoverflow/SQLStorm/28474.sql,15.205072,91.8841552734375,3,4,timeout,finished,19.31664,115.7340790000162
28481,queries/stackoverflow/SQLStorm/28481.sql,15.202596,86.3553466796875,5,6,timeout,finished,34.868811,200.1733769999992
2851,queries/stackoverflow/SQLStorm/2851.sql,15.20071,87.5269775390625,5,5,timeout,finished,34.34857,193.15569400000092
28584,queries/stackoverflow/SQLStorm/28584.sql,15.251759,160.86004638671875,5,5,timeout,finished,16.116184,165.58514699999796
28592,queries/stackoverflow/SQLStorm/28592.sql,15.274312,92.8883056640625,4,6,timeout,finished,18.928769,113.960768000019
28731,queries/stackoverflow/SQLStorm/28731.sql,15.061196,85.99975585937501,4,3,timeout,finished,45.418989,260.3313039999921
29008,queries/stackoverflow/SQLStorm/29008.sql,15.08171,241.92462158203125,5,4,timeout,finished,15.559323,249.7742629999993
29172,queries/stackoverflow/SQLStorm/29172.sql,15.070296,251.96124267578125,6,7,timeout,finished,23.100856,377.1187849999988
29302,queries/stackoverflow/SQLStorm/29302.sql,15.195602,85.5892333984375,3,3,timeout,finished,38.309529,218.50493400000047
29365,queries/stackoverflow/SQLStorm/29365.sql,15.191833,86.2052001953125,3,3,timeout,finished,33.704075,193.42785000000003
29374,queries/stackoverflow/SQLStorm/29374.sql,15.065738,249.41314697265625,3,3,timeout,finished,18.704498,307.15235099999694
29394,queries/stackoverflow/SQLStorm/29394.sql,15.229292,84.6392822265625,5,5,timeout,finished,37.755609,213.91595600001165
29675,queries/stackoverflow/SQLStorm/29675.sql,15.075031,229.50799560546875,3,3,timeout,finished,18.323048,261.65082000000984
2975,queries/stackoverflow/SQLStorm/2975.sql,15.222229,87.59716796875,4,4,timeout,finished,31.585695,181.95845700000064
29886,queries/stackoverflow/SQLStorm/29886.sql,15.144733,249.83850097656247,4,4,timeout,finished,16.632483,271.5072999999975
29993,queries/stackoverflow/SQLStorm/29993.sql,15.060988,239.69720458984372,4,5,timeout,finished,16.154028,250.10971099999733
3011,queries/stackoverflow/SQLStorm/3011.sql,15.080733,87.22509765625,5,5,timeout,timeout (> 300 s),,
30155,queries/stackoverflow/SQLStorm/30155.sql,15.200023,88.8973388671875,5,5,timeout,finished,38.99155,227.45211500000005
30175,queries/stackoverflow/SQLStorm/30175.sql,15.228522,86.50390625,7,7,timeout,finished,33.871099,205.72628000000256
3055,queries/stackoverflow/SQLStorm/3055.sql,15.075302,222.57696533203125,4,4,timeout,finished,16.42706,246.81290600000648
30831,queries/stackoverflow/SQLStorm/30831.sql,15.278843,85.80487060546875,4,5,timeout,finished,31.620137,180.78609700000376
30959,queries/stackoverflow/SQLStorm/30959.sql,15.290493,88.35540771484375,5,5,timeout,finished,17.63904,102.65696300000036
30969,queries/stackoverflow/SQLStorm/30969.sql,15.221154,157.54400634765625,5,7,timeout,finished,15.47993,157.2307989999972
3097,queries/stackoverflow/SQLStorm/3097.sql,15.193691,86.0546875,4,4,timeout,finished,37.486486,213.03839499999597
31512,queries/stackoverflow/SQLStorm/31512.sql,15.069452,241.849365234375,4,5,timeout,finished,23.197995,382.9759479999993
31911,queries/stackoverflow/SQLStorm/31911.sql,15.236679,84.9251708984375,4,5,timeout,finished,19.33867,108.0124799999976
32236,queries/stackoverflow/SQLStorm/32236.sql,15.071452,228.1171875,5,6,timeout,finished,28.941123,323.191250999982
32456,queries/stackoverflow/SQLStorm/32456.sql,15.079662,96.9090576171875,4,5,timeout,finished,109.497666,637.6194620000024
32708,queries/stackoverflow/SQLStorm/32708.sql,15.055367,238.40686035156247,5,6,timeout,finished,15.498796,246.93253499999992
333,queries/stackoverflow/SQLStorm/333.sql,15.067399,231.93395996093753,5,6,timeout,finished,23.540916,377.40864099998726
33306,queries/stackoverflow/SQLStorm/33306.sql,15.281554,165.105224609375,5,5,timeout,finished,19.398617,196.486007999978
33435,queries/stackoverflow/SQLStorm/33435.sql,15.07095,234.68048095703125,5,6,timeout,finished,15.645723,247.7307509999955
33639,queries/stackoverflow/SQLStorm/33639.sql,15.068545,232.14465332031247,4,5,timeout,finished,15.591967,241.01580100000135
33821,queries/stackoverflow/SQLStorm/33821.sql,15.347472,87.75732421875,5,6,timeout,finished,26.550497,151.8254779999843
34189,queries/stackoverflow/SQLStorm/34189.sql,15.131326,133.5850830078125,3,4,timeout,timeout (> 300 s),,
34199,queries/stackoverflow/SQLStorm/34199.sql,15.057714,84.09063720703125,6,6,timeout,finished,26.40002,147.05400600000576
34276,queries/stackoverflow/SQLStorm/34276.sql,15.061477,78.52056884765625,4,5,timeout,finished,29.37874,152.96347600000445
34549,queries/stackoverflow/SQLStorm/34549.sql,15.099795,91.79962158203124,5,5,timeout,finished,15.572136,96.42187299999932
34585,queries/stackoverflow/SQLStorm/34585.sql,15.062469,86.935546875,4,4,timeout,finished,145.689513,833.2810699999972
3472,queries/stackoverflow/SQLStorm/3472.sql,15.231664,88.66986083984375,5,5,timeout,finished,31.960473,184.91224599999256
34814,queries/stackoverflow/SQLStorm/34814.sql,15.328346,83.67266845703125,5,8,timeout,finished,201.941368,994.3465140000008
369,queries/stackoverflow/SQLStorm/369.sql,15.062996,85.65161132812499,6,7,timeout,finished,92.352707,520.6132299999881
3737,queries/stackoverflow/SQLStorm/3737.sql,15.222614,84.44415283203125,5,5,timeout,finished,37.378098,211.94531999999887
3837,queries/stackoverflow/SQLStorm/3837.sql,15.063,84.41802978515625,5,4,timeout,timeout (> 300 s),,
3959,queries/stackoverflow/SQLStorm/3959.sql,15.088416,254.62487792968753,5,4,timeout,finished,39.622392,584.9248939999998
4249,queries/stackoverflow/SQLStorm/4249.sql,15.056656,90.08905029296876,4,3,timeout,finished,18.419751,110.3033680000226
442,queries/stackoverflow/SQLStorm/442.sql,15.075151,223.95349121093753,4,4,timeout,finished,16.559869,248.30313699999897
4436,queries/stackoverflow/SQLStorm/4436.sql,15.195825,87.2294921875,5,6,timeout,finished,34.77195,194.25194400001783
4490,queries/stackoverflow/SQLStorm/4490.sql,15.213637,86.88323974609375,5,6,timeout,finished,20.783409,120.01928499998756
451,queries/stackoverflow/SQLStorm/451.sql,15.05713,83.1378173828125,3,2,timeout,finished,20.445008,111.06068999999844
4517,queries/stackoverflow/SQLStorm/4517.sql,15.276409,88.0970458984375,5,6,timeout,finished,23.335912,135.91957399999956
4559,queries/stackoverflow/SQLStorm/4559.sql,15.055866,81.74395751953125,3,4,timeout,finished,38.157678,202.74966400000264
4654,queries/stackoverflow/SQLStorm/4654.sql,15.068755,234.47479248046875,4,4,timeout,finished,15.710695,247.4440070000055
4923,queries/stackoverflow/SQLStorm/4923.sql,15.068116,232.40374755859372,5,7,timeout,finished,15.68542,243.60393000001204
4934,queries/stackoverflow/SQLStorm/4934.sql,15.055168,236.19976806640625,4,7,timeout,finished,16.930254,262.233092999988
5016,queries/stackoverflow/SQLStorm/5016.sql,15.242444,85.31567382812499,3,3,timeout,finished,37.787212,215.034728
5052,queries/stackoverflow/SQLStorm/5052.sql,15.310867,87.77288818359375,3,2,timeout,finished,26.405936,150.1598329999979
515,queries/stackoverflow/SQLStorm/515.sql,15.304897,256.3131103515625,4,5,timeout,finished,32.848238,484.98466000000184
5150,queries/stackoverflow/SQLStorm/5150.sql,15.253894,85.8787841796875,3,2,timeout,finished,43.911069,249.12247000000207
5239,queries/stackoverflow/SQLStorm/5239.sql,15.068519,161.55865478515625,4,6,timeout,finished,22.168556,280.31349100000807
5315,queries/stackoverflow/SQLStorm/5315.sql,15.186661,86.5660400390625,4,5,timeout,finished,32.604411,186.97425300002212
5318,queries/stackoverflow/SQLStorm/5318.sql,15.22074,85.66571044921875,5,5,timeout,finished,37.696333,216.4550739999977
5361,queries/stackoverflow/SQLStorm/5361.sql,15.070865,239.40539550781247,3,3,timeout,finished,22.719188,375.35707099999854
5448,queries/stackoverflow/SQLStorm/5448.sql,15.227627,86.2227783203125,4,4,timeout,finished,33.946691,196.1982280000011
5621,queries/stackoverflow/SQLStorm/5621.sql,15.218236,169.99163818359375,4,4,timeout,finished,15.886929,176.23007900000084
5626,queries/stackoverflow/SQLStorm/5626.sql,15.065241,245.928466796875,3,4,timeout,finished,22.791435,381.4541630000167
5681,queries/stackoverflow/SQLStorm/5681.sql,15.265395,86.57177734375,4,3,timeout,finished,34.676589,194.42180400001237
5730,queries/stackoverflow/SQLStorm/5730.sql,15.225554,89.8648681640625,7,9,timeout,finished,34.657724,204.0661889999992
5789,queries/stackoverflow/SQLStorm/5789.sql,15.220588,89.87213134765625,5,5,timeout,finished,32.946235,189.93005600000103
5844,queries/stackoverflow/SQLStorm/5844.sql,15.056913,240.95184326171875,4,6,timeout,finished,15.596486,250.00857600000015
5957,queries/stackoverflow/SQLStorm/5957.sql,15.255725,85.73333740234375,3,5,timeout,finished,35.059432,204.6350959999836
6038,queries/stackoverflow/SQLStorm/6038.sql,15.107337,139.00164794921875,3,6,timeout,timeout (> 300 s),,
6133,queries/stackoverflow/SQLStorm/6133.sql,15.068867,175.66583251953125,4,5,timeout,finished,22.006845,278.6524849999987
6181,queries/stackoverflow/SQLStorm/6181.sql,15.069209,237.15002441406247,3,3,timeout,finished,22.936524,375.61372300000227
6188,queries/stackoverflow/SQLStorm/6188.sql,15.254019,86.02239990234375,4,6,timeout,finished,24.124592,136.1910579999967
6235,queries/stackoverflow/SQLStorm/6235.sql,15.301332,168.74139404296875,7,7,timeout,finished,21.694132,218.62321900000097
6296,queries/stackoverflow/SQLStorm/6296.sql,15.059357,88.46704101562499,4,3,timeout,finished,15.695834,90.48920899999939
6303,queries/stackoverflow/SQLStorm/6303.sql,15.05974,233.192138671875,4,4,timeout,finished,15.431663,240.98809200001412
6421,queries/stackoverflow/SQLStorm/6421.sql,15.246058,84.361328125,3,2,timeout,finished,39.527803,225.51864900000507
6457,queries/stackoverflow/SQLStorm/6457.sql,15.197445,86.6221923828125,5,5,timeout,finished,20.743504,118.65240600000834
6507,queries/stackoverflow/SQLStorm/6507.sql,15.07123,89.57818603515625,5,6,timeout,finished,29.38686,172.66435300000012
6594,queries/stackoverflow/SQLStorm/6594.sql,15.283303,87.40936279296875,3,4,timeout,finished,32.048897,181.1504760000098
6605,queries/stackoverflow/SQLStorm/6605.sql,15.223922,186.09094238281247,4,4,timeout,finished,16.524111,190.57513499999183
6682,queries/stackoverflow/SQLStorm/6682.sql,15.197297,87.58453369140625,4,4,timeout,finished,33.561576,196.72227500000008
674,queries/stackoverflow/SQLStorm/674.sql,15.176816,83.86004638671875,5,5,timeout,finished,42.379485,236.6289719999986
6807,queries/stackoverflow/SQLStorm/6807.sql,15.187223,84.87506103515625,3,2,timeout,finished,40.529987,227.70248099998568
6858,queries/stackoverflow/SQLStorm/6858.sql,15.268537,85.1348876953125,3,2,timeout,finished,29.491586,167.11425700000837
6872,queries/stackoverflow/SQLStorm/6872.sql,15.064082,249.02478027343753,3,4,timeout,finished,22.703593,379.2017270000069
6921,queries/stackoverflow/SQLStorm/6921.sql,15.061429,86.5689697265625,6,7,timeout,finished,29.627941,179.75686400000268
6924,queries/stackoverflow/SQLStorm/6924.sql,15.201112,182.86749267578125,5,5,timeout,finished,17.03609,193.33129200001713
6939,queries/stackoverflow/SQLStorm/6939.sql,15.185866,85.6199951171875,5,5,timeout,finished,38.387226,217.70915900002
6962,queries/stackoverflow/SQLStorm/6962.sql,15.060565,89.001953125,4,4,timeout,finished,42.808145,247.31473600000024
7100,queries/stackoverflow/SQLStorm/7100.sql,15.06247,86.10186767578125,6,4,timeout,finished,33.353466,189.11182099999857
7101,queries/stackoverflow/SQLStorm/7101.sql,15.067288,239.07037353515625,4,4,timeout,finished,15.269447,244.82908599998336
7142,queries/stackoverflow/SQLStorm/7142.sql,15.07611,221.28692626953125,4,4,timeout,finished,16.766993,250.4843439999968
7313,queries/stackoverflow/SQLStorm/7313.sql,15.258322,85.87335205078125,5,6,timeout,finished,31.296504,176.78507000000172
7410,queries/stackoverflow/SQLStorm/7410.sql,15.262875,86.5574951171875,4,3,timeout,finished,30.51802,174.64084899998852
7485,queries/stackoverflow/SQLStorm/7485.sql,15.068183,233.74951171875,3,4,timeout,finished,15.693372,243.25877700001
7555,queries/stackoverflow/SQLStorm/7555.sql,15.074815,240.83209228515625,5,5,timeout,finished,23.072165,381.5383299999812
7576,queries/stackoverflow/SQLStorm/7576.sql,15.216046,86.20825195312499,6,6,timeout,finished,36.908451,212.28430800000203
7611,queries/stackoverflow/SQLStorm/7611.sql,15.175901,84.12036132812499,5,5,timeout,finished,27.661768,159.80922200001075
7637,queries/stackoverflow/SQLStorm/7637.sql,15.257288,86.19561767578125,4,5,timeout,finished,38.135112,216.30437800000072
7638,queries/stackoverflow/SQLStorm/7638.sql,15.245731,86.26489257812499,4,3,timeout,finished,33.027373,190.81170700001528
772,queries/stackoverflow/SQLStorm/772.sql,15.19768,84.6617431640625,5,5,timeout,finished,36.212367,205.55098699999508
7762,queries/stackoverflow/SQLStorm/7762.sql,15.068871,82.16217041015625,5,3,timeout,finished,18.344394,100.48185899999224
7896,queries/stackoverflow/SQLStorm/7896.sql,15.216459,83.8099365234375,4,3,timeout,finished,38.437412,216.65508499999848
7944,queries/stackoverflow/SQLStorm/7944.sql,15.061826,85.51678466796875,5,5,timeout,finished,30.083884,174.21696099999826
7949,queries/stackoverflow/SQLStorm/7949.sql,15.197981,85.68725585937501,3,2,timeout,finished,35.950292,204.02279399998952
7954,queries/stackoverflow/SQLStorm/7954.sql,15.250115,146.57427978515625,4,7,timeout,finished,18.450395,167.79790999999386
7977,queries/stackoverflow/SQLStorm/7977.sql,15.100555,163.83917236328125,3,2,timeout,finished,14.427269,157.79354199999943
8049,queries/stackoverflow/SQLStorm/8049.sql,15.236232,167.87200927734375,6,6,timeout,finished,18.97746,199.233315999998
8107,queries/stackoverflow/SQLStorm/8107.sql,15.176282,160.823974609375,6,6,timeout,finished,20.570553,201.93856999999844
823,queries/stackoverflow/SQLStorm/823.sql,15.328767,89.22491455078125,7,7,timeout,finished,30.328313,174.69767200000933
8253,queries/stackoverflow/SQLStorm/8253.sql,15.236796,87.3123779296875,4,5,timeout,finished,27.532414,160.94258199999604
834,queries/stackoverflow/SQLStorm/834.sql,15.066964,246.18664550781247,5,5,timeout,finished,23.026445,379.30994199999253
8359,queries/stackoverflow/SQLStorm/8359.sql,15.241194,87.8175048828125,3,3,timeout,finished,34.157176,194.25639899999803
854,queries/stackoverflow/SQLStorm/854.sql,15.068882,86.23223876953125,6,6,timeout,finished,35.955269,207.7796800000069
8543,queries/stackoverflow/SQLStorm/8543.sql,15.284132,138.98187255859375,4,3,timeout,finished,18.426258,162.72840399999404
8893,queries/stackoverflow/SQLStorm/8893.sql,15.064562,246.66424560546875,4,4,timeout,finished,22.283587,373.54726200000727
8972,queries/stackoverflow/SQLStorm/8972.sql,15.064652,243.46441650390625,3,7,timeout,finished,23.063286,378.63025699998246
9095,queries/stackoverflow/SQLStorm/9095.sql,15.065253,252.54235839843753,4,4,timeout,finished,21.997485,370.6076939999912
9161,queries/stackoverflow/SQLStorm/9161.sql,15.059785,88.8233642578125,4,7,timeout,finished,20.594894,121.50206899999466
9322,queries/stackoverflow/SQLStorm/9322.sql,15.184523,177.64794921875,3,2,timeout,finished,16.04341,179.26077200000145
9353,queries/stackoverflow/SQLStorm/9353.sql,15.799979,156.866455078125,7,5,timeout,finished,19.795849,180.87911399999572
9410,queries/stackoverflow/SQLStorm/9410.sql,15.259045,86.74017333984375,4,3,timeout,finished,30.766183,174.31644799999776
9478,queries/stackoverflow/SQLStorm/9478.sql,15.07081,92.87371826171875,3,1,timeout,finished,17.240311,103.3934120000049
9482,queries/stackoverflow/SQLStorm/9482.sql,15.069702,235.66607666015625,3,3,timeout,finished,23.239355,378.71216500000446
9497,queries/stackoverflow/SQLStorm/9497.sql,15.182213,85.2108154296875,4,3,timeout,finished,37.731874,215.06298700001207
9512,queries/stackoverflow/SQLStorm/9512.sql,15.061406,85.8677978515625,4,3,timeout,finished,42.595619,243.93846199999095
9583,queries/stackoverflow/SQLStorm/9583.sql,15.191836,84.4439697265625,5,5,timeout,finished,35.998614,201.30612599999583
9585,queries/stackoverflow/SQLStorm/9585.sql,15.20468,84.76263427734375,3,2,timeout,finished,37.720579,212.7111259999801
9611,queries/stackoverflow/SQLStorm/9611.sql,15.145478,95.22918701171875,6,7,timeout,finished,31.753255,189.39117799999076
9718,queries/stackoverflow/SQLStorm/9718.sql,15.198527,86.50341796875,3,3,timeout,finished,34.140313,194.15184700000097
9736,queries/stackoverflow/SQLStorm/9736.sql,15.061018,86.67413330078125,4,3,timeout,finished,45.105758,258.29493200000434
9898,queries/stackoverflow/SQLStorm/9898.sql,15.182573,84.11199951171875,4,4,timeout,finished,37.905959,214.0767230000056
