timestamp_utc,run_id,pg_version,query,runs,n_small,n_large,wall_small_sec,wall_large_sec,slope_wall_sec,intercept_wall_sec,pkg_small_j,pkg_large_j,slope_pkg_j,intercept_pkg_j,core_small_j,core_large_j,slope_core_j,intercept_core_j,failed
2026-07-27T09:51:41Z,118BED91EDA9DB4D,14.23,queries/Core/04_join_scale/join_10kx25.sql,3,1,10,0.044834,0.082421,0.004176,0.040657,0.524780,0.973958,0.049909,0.474872,0.466370,0.871745,0.045042,0.421328,0
2026-07-27T09:52:16Z,118BED91EDA9DB4D,14.23,queries/Core/04_join_scale/join_1500kx150k.sql,3,1,10,1.159200,10.845732,1.076281,0.082918,12.197754,117.979207,11.753495,0.444259,11.140747,108.334920,10.799353,0.341394,0
2026-07-27T09:52:18Z,118BED91EDA9DB4D,14.23,queries/Core/04_join_scale/join_150kx25.sql,3,1,10,0.104190,0.709735,0.067283,0.036908,1.214294,7.858785,0.738277,0.476018,1.106934,7.170003,0.673674,0.433259,0
2026-07-27T09:52:19Z,118BED91EDA9DB4D,14.23,queries/Core/04_join_scale/join_25x5.sql,3,1,10,0.043263,0.042997,-0.000030,0.043292,0.531006,0.504069,-0.002993,0.533999,0.457397,0.446920,-0.001164,0.458562,0
2026-07-27T09:53:35Z,118BED91EDA9DB4D,14.23,queries/Core/04_join_scale/join_6mx10k.sql,3,1,10,2.436431,23.557477,2.346783,0.089648,27.891968,273.719320,27.314150,0.577818,25.664429,252.222778,25.173150,0.491279,0
2026-07-27T09:55:49Z,118BED91EDA9DB4D,14.23,queries/Core/04_join_scale/join_6mx1500k.sql,3,1,10,4.223126,41.722254,4.166570,0.056556,50.509827,491.249125,48.971033,1.538793,46.423950,453.152527,45.192064,1.231886,0
2026-07-27T09:57:51Z,118BED91EDA9DB4D,14.23,queries/Core/04_join_scale/join_6mx200k.sql,3,1,10,3.902678,38.160977,3.806478,0.096201,45.424683,438.036499,43.623535,1.801147,41.843811,403.381734,40.170880,1.672931,0
2026-07-27T09:58:10Z,118BED91EDA9DB4D,14.23,queries/Core/04_join_scale/join_800kx200k.sql,3,1,10,0.698643,5.948238,0.583288,0.115355,7.930298,70.203959,6.919296,1.011002,7.219910,64.682780,6.384763,0.835146,0
2026-07-27T09:58:11Z,CE604B80F1DA2F88,16.14,queries/Core/04_join_scale/join_10kx25.sql,3,1,10,0.044487,0.081687,0.004133,0.040354,0.554260,1.030945,0.052965,0.501295,0.491150,0.933838,0.049188,0.441962,0
2026-07-27T09:58:53Z,CE604B80F1DA2F88,16.14,queries/Core/04_join_scale/join_1500kx150k.sql,3,1,10,1.433787,13.114188,1.297822,0.135965,12.210327,116.528625,11.590922,0.619405,10.852051,-87276.771952,-9698.624889,9709.476940,0
2026-07-27T09:58:56Z,CE604B80F1DA2F88,16.14,queries/Core/04_join_scale/join_150kx25.sql,3,1,10,0.103785,0.697123,0.065926,0.037858,1.246460,7.941752,0.743921,0.502539,1.137085,7.261068,0.680443,0.456642,0
2026-07-27T09:58:56Z,CE604B80F1DA2F88,16.14,queries/Core/04_join_scale/join_25x5.sql,3,1,10,0.042130,0.042790,0.000073,0.042056,0.533997,0.525655,-0.000927,0.534923,0.451477,0.462016,0.001171,0.450306,0
2026-07-27T10:00:11Z,CE604B80F1DA2F88,16.14,queries/Core/04_join_scale/join_6mx10k.sql,3,1,10,2.415170,23.250779,2.315068,0.100102,28.175720,271.441101,27.029487,1.146233,26.011841,250.407959,24.932902,1.078939,0
2026-07-27T10:02:28Z,CE604B80F1DA2F88,16.14,queries/Core/04_join_scale/join_6mx1500k.sql,3,1,10,4.341295,42.837626,4.277370,0.063925,51.434692,501.050191,49.957278,1.477415,47.430115,461.946838,46.057414,1.372701,0
2026-07-27T10:04:47Z,CE604B80F1DA2F88,16.14,queries/Core/04_join_scale/join_6mx200k.sql,3,1,10,4.532832,43.114866,4.286893,0.245939,47.851318,466.803792,46.550275,1.301043,43.716736,427.681193,42.662717,1.054018,0
2026-07-27T10:05:07Z,CE604B80F1DA2F88,16.14,queries/Core/04_join_scale/join_800kx200k.sql,3,1,10,0.692268,6.121910,0.603294,0.088974,7.735352,69.872233,6.904098,0.831254,7.025818,64.165202,6.348820,0.676997,0
2026-07-27T10:05:07Z,4F33D5519540FCEC,18.4,queries/Core/04_join_scale/join_10kx25.sql,3,1,10,0.047284,0.077557,0.003364,0.043921,0.526306,0.960164,0.048206,0.478100,0.456604,0.865540,0.045437,0.411167,0
2026-07-27T10:05:46Z,4F33D5519540FCEC,18.4,queries/Core/04_join_scale/join_1500kx150k.sql,3,1,10,1.485829,11.943970,1.162016,0.323814,14.409790,113.976888,11.063011,3.346779,12.957458,102.979289,10.002426,2.955033,0
2026-07-27T10:05:48Z,4F33D5519540FCEC,18.4,queries/Core/04_join_scale/join_150kx25.sql,3,1,10,0.092788,0.590429,0.055293,0.037494,1.222900,7.225769,0.666985,0.555915,1.106934,6.629476,0.613616,0.493318,0
2026-07-27T10:05:48Z,4F33D5519540FCEC,18.4,queries/Core/04_join_scale/join_25x5.sql,3,1,10,0.039969,0.042287,0.000258,0.039712,0.487549,0.518616,0.003452,0.484097,0.436890,0.452718,0.001759,0.435131,0
2026-07-27T10:06:50Z,4F33D5519540FCEC,18.4,queries/Core/04_join_scale/join_6mx10k.sql,3,1,10,2.025646,18.995539,1.885544,0.140103,29.507568,281.516378,28.000979,1.506590,27.540039,264.117310,26.286363,1.253676,0
2026-07-27T10:08:51Z,4F33D5519540FCEC,18.4,queries/Core/04_join_scale/join_6mx1500k.sql,3,1,10,3.869012,37.983125,3.790457,0.078555,52.533325,511.571635,51.004257,1.529069,48.907410,476.697713,47.532256,1.375154,0
2026-07-27T10:11:06Z,4F33D5519540FCEC,18.4,queries/Core/04_join_scale/join_6mx200k.sql,3,1,10,4.037314,42.164812,4.236389,-0.199075,49.204285,494.342448,49.459796,-0.255511,45.468689,456.057821,45.621015,-0.152326,0
2026-07-27T10:11:24Z,4F33D5519540FCEC,18.4,queries/Core/04_join_scale/join_800kx200k.sql,3,1,10,0.635125,5.504601,0.541053,0.094072,7.926697,71.254293,7.036400,0.890297,7.283386,66.072184,6.532089,0.751298,0
2026-07-27T11:33:24Z,F346E7F692C196A7,14.23,queries/Core/00_baseline/no_table.sql,2,1,5,0.040161,0.040684,0.000131,0.040031,0.454407,0.471619,0.004303,0.450104,0.403320,0.412933,0.002403,0.400917,0
2026-07-27T11:33:25Z,F346E7F692C196A7,14.23,queries/Core/00_baseline/scan_customer.sql,2,1,5,0.132224,0.227643,0.023855,0.108369,0.941711,2.491058,0.387337,0.554375,0.720520,2.191833,0.367828,0.352692,0
2026-07-27T11:33:42Z,F346E7F692C196A7,14.23,queries/Core/00_baseline/scan_lineitem.sql,2,1,5,1.236723,6.270372,1.258412,-0.021689,13.866455,67.165680,13.324806,0.541649,12.673706,61.122650,12.112236,0.561470,0
2026-07-27T11:33:42Z,F346E7F692C196A7,14.23,queries/Core/00_baseline/scan_nation.sql,2,1,5,0.039837,0.040549,0.000178,0.039659,0.469971,0.485413,0.003860,0.466110,0.412231,0.422699,0.002617,0.409615,0
2026-07-27T11:33:47Z,F346E7F692C196A7,14.23,queries/Core/00_baseline/scan_orders.sql,2,1,5,0.414172,1.831579,0.354352,0.059821,4.009583,17.536957,3.381844,0.627739,3.561218,15.590912,3.007423,0.553795,0
2026-07-27T11:33:48Z,F346E7F692C196A7,14.23,queries/Core/00_baseline/scan_part.sql,2,1,5,0.090882,0.270410,0.044882,0.046000,0.928955,3.072021,0.535767,0.393188,0.805481,2.746552,0.485268,0.320213,0
2026-07-27T11:33:51Z,F346E7F692C196A7,14.23,queries/Core/00_baseline/scan_partsupp.sql,2,1,5,0.220102,1.237267,0.254291,-0.034189,2.601807,10.428802,1.956749,0.645058,2.354675,9.026978,1.668076,0.686600,0
2026-07-27T11:33:51Z,F346E7F692C196A7,14.23,queries/Core/00_baseline/scan_region.sql,2,1,5,0.039912,0.040571,0.000165,0.039747,0.475464,0.482391,0.001732,0.473732,0.421204,0.421448,0.000061,0.421143,0
2026-07-27T11:33:51Z,F346E7F692C196A7,14.23,queries/Core/00_baseline/scan_supplier.sql,2,1,5,0.059279,0.049835,-0.002361,0.061640,0.381042,0.570679,0.047409,0.333633,0.306274,0.512848,0.051643,0.254631,0
2026-07-27T11:33:53Z,F346E7F692C196A7,14.23,queries/Core/01_scan_access/bitmap_scan.sql,2,1,5,0.179166,0.589295,0.102532,0.076634,3.053040,12.357452,2.326103,0.726936,2.835510,11.712738,2.219307,0.616203,0
2026-07-27T11:33:54Z,F346E7F692C196A7,14.23,queries/Core/01_scan_access/index_only_scan.sql,2,1,5,0.080679,0.254026,0.043337,0.037342,0.965149,2.862488,0.474335,0.490814,0.865295,2.590546,0.431313,0.433983,0
2026-07-27T11:33:54Z,F346E7F692C196A7,14.23,queries/Core/01_scan_access/index_point_lookup.sql,2,1,5,0.040469,0.041737,0.000317,0.040152,0.504517,0.496307,-0.002052,0.506569,0.435913,0.436737,0.000206,0.435707,0
2026-07-27T11:33:56Z,F346E7F692C196A7,14.23,queries/Core/01_scan_access/index_scan.sql,2,1,5,0.207582,0.537876,0.082573,0.125009,1.606323,5.720551,1.028557,0.577766,1.346497,5.171478,0.956245,0.390251,0
2026-07-27T11:34:01Z,F346E7F692C196A7,14.23,queries/Core/01_scan_access/seq_scan.sql,2,1,5,0.605374,2.243057,0.409421,0.195953,10.817505,55.365692,11.137047,-0.319542,9.879089,52.110229,10.557785,-0.678696,0
2026-07-27T11:34:08Z,F346E7F692C196A7,14.23,queries/Core/01_scan_access/tablesample_bernoulli.sql,2,1,5,0.601706,2.570329,0.492156,0.109550,6.339905,27.895142,5.388809,0.951096,5.491638,24.391998,4.725090,0.766548,0
2026-07-27T11:34:08Z,F346E7F692C196A7,14.23,queries/Core/01_scan_access/tablesample_system.sql,2,1,5,0.057911,0.126630,0.017180,0.040731,0.737854,1.508118,0.192566,0.545288,0.640442,1.336121,0.173920,0.466522,0
2026-07-27T11:34:16Z,F346E7F692C196A7,14.23,queries/Core/02_filter_projection/filter_2pct.sql,2,1,5,0.646812,2.987027,0.585054,0.061758,16.280151,80.154541,15.968597,0.311554,15.613159,77.004150,15.347748,0.265411,0
2026-07-27T11:34:38Z,F346E7F692C196A7,14.23,queries/Core/02_filter_projection/filter_all.sql,2,1,5,1.969634,9.392090,1.855614,0.114020,22.955078,110.734558,21.944870,1.010208,20.871887,101.953064,20.270294,0.601593,0
2026-07-27T11:35:00Z,F346E7F692C196A7,14.23,queries/Core/02_filter_projection/filter_half.sql,2,1,5,1.890193,8.938364,1.762043,0.128150,21.416565,104.148315,20.682938,0.733627,19.639282,95.861420,19.055534,0.583748,0
2026-07-27T11:35:07Z,F346E7F692C196A7,14.23,queries/Core/02_filter_projection/filter_none.sql,2,1,5,0.662227,2.824305,0.540519,0.121707,15.518738,75.810791,15.073013,0.445724,14.787781,72.796021,14.502060,0.285721,0
2026-07-27T11:35:07Z,F346E7F692C196A7,14.23,queries/Core/02_filter_projection/limit_100.sql,2,1,5,0.047843,0.041364,-0.001620,0.049463,0.423035,0.513824,0.022697,0.400337,0.355530,0.452423,0.024223,0.331306,0
2026-07-27T11:35:11Z,F346E7F692C196A7,14.23,queries/Core/02_filter_projection/limit_offset_3m.sql,2,1,5,0.334166,1.577301,0.310784,0.023383,3.961121,17.804657,3.460884,0.500237,3.655579,16.249878,3.148575,0.507004,0
2026-07-27T11:35:23Z,F346E7F692C196A7,14.23,queries/Core/02_filter_projection/project_all_cols.sql,2,1,5,0.996233,4.870521,0.968572,0.027661,11.952820,56.233917,11.070274,0.882545,10.877563,51.409546,10.132996,0.744568,0
2026-07-27T11:35:35Z,F346E7F692C196A7,14.23,queries/Core/02_filter_projection/project_zero_cols.sql,2,1,5,1.148119,5.254969,1.026713,0.121406,13.269043,61.545258,12.069054,1.199989,11.954468,56.565186,11.152679,0.801788,0
2026-07-27T11:35:49Z,F346E7F692C196A7,14.23,queries/Core/03_join_method/large_hash.sql,2,1,5,1.139039,5.554544,1.103876,0.035163,13.152283,63.340210,12.546982,0.605301,12.078369,58.094971,11.504150,0.574219,0
2026-07-27T11:36:03Z,F346E7F692C196A7,14.23,queries/Core/03_join_method/large_merge.sql,2,1,5,1.271272,5.741319,1.117512,0.153760,27.409119,136.245697,27.209145,0.199974,25.872437,129.151642,25.819801,0.052635,0
2026-07-27T11:37:29Z,F346E7F692C196A7,14.23,queries/Core/03_join_method/large_nestloop_index.sql,2,1,5,7.244882,35.840008,7.148782,0.096100,63.173950,308.525269,61.337830,1.836121,52.414551,254.789764,50.593803,1.820747,0
2026-07-27T11:37:29Z,F346E7F692C196A7,14.23,queries/Core/03_join_method/small_hash.sql,2,1,5,0.043605,0.060058,0.004113,0.039492,0.546631,0.743958,0.049332,0.497299,0.462708,0.656738,0.048508,0.414200,0
2026-07-27T11:37:30Z,F346E7F692C196A7,14.23,queries/Core/03_join_method/small_merge.sql,2,1,5,0.046830,0.075954,0.007281,0.039550,0.584045,0.945801,0.090439,0.493607,0.507080,0.826599,0.079880,0.427200,0
2026-07-27T11:37:30Z,F346E7F692C196A7,14.23,queries/Core/03_join_method/small_nestloop.sql,2,1,5,0.070907,0.227450,0.039136,0.031772,0.867493,2.492920,0.406357,0.461136,0.784973,2.185272,0.350075,0.434898,0
2026-07-27T11:37:31Z,F346E7F692C196A7,14.23,queries/Core/04_join_scale/join_10kx25.sql,2,1,5,0.044379,0.060522,0.004036,0.040343,0.567932,0.753998,0.046516,0.521416,0.484375,0.662720,0.044586,0.439789,0
2026-07-27T11:37:44Z,F346E7F692C196A7,14.23,queries/Core/04_join_scale/join_1500kx150k.sql,2,1,5,1.198640,5.518366,1.079931,0.118708,13.122009,62.166748,12.261185,0.860825,11.981812,57.086487,11.276169,0.705643,0
2026-07-27T11:37:45Z,F346E7F692C196A7,14.23,queries/Core/04_join_scale/join_150kx25.sql,2,1,5,0.105598,0.378317,0.068180,0.037418,1.279602,4.366516,0.771729,0.507874,1.161438,3.989838,0.707100,0.454338,0
2026-07-27T11:37:45Z,F346E7F692C196A7,14.23,queries/Core/04_join_scale/join_25x5.sql,2,1,5,0.041457,0.041614,0.000039,0.041418,0.501892,0.514130,0.003059,0.498833,0.452393,0.449463,-0.000732,0.453125,0
2026-07-27T11:38:14Z,F346E7F692C196A7,14.23,queries/Core/04_join_scale/join_6mx10k.sql,2,1,5,2.488410,11.895307,2.351724,0.136686,29.030212,140.425385,27.848793,1.181419,26.631592,129.652588,25.755249,0.876343,0
2026-07-27T11:39:05Z,F346E7F692C196A7,14.23,queries/Core/04_join_scale/join_6mx1500k.sql,2,1,5,4.376227,21.143206,4.191745,0.184483,51.461121,252.244537,50.195854,1.265266,47.258789,232.739441,46.370163,0.888626,0
2026-07-27T11:39:53Z,F346E7F692C196A7,14.23,queries/Core/04_join_scale/join_6mx200k.sql,2,1,5,3.981209,19.878007,3.974200,0.007010,46.922607,241.518341,48.648933,-1.726326,43.220337,222.290070,44.767433,-1.547096,0
2026-07-27T11:40:00Z,F346E7F692C196A7,14.23,queries/Core/04_join_scale/join_800kx200k.sql,2,1,5,0.743809,3.114062,0.592563,0.151246,9.018188,36.823914,6.951431,2.066757,8.242981,33.873749,6.407692,1.835289,0
2026-07-27T11:40:06Z,F346E7F692C196A7,14.23,queries/Core/05_join_type/anti_not_exists.sql,2,1,5,0.605186,2.374809,0.442406,0.162781,10.034058,45.665009,8.907738,1.126320,9.328918,43.020599,8.422920,0.905998,0
2026-07-27T11:40:22Z,F346E7F692C196A7,14.23,queries/Core/05_join_type/cross_join.sql,2,1,5,1.347019,6.501370,1.288588,0.058431,16.153137,102.636139,21.620750,-5.467613,14.916931,95.897522,20.245148,-5.328217,0
2026-07-27T11:40:38Z,F346E7F692C196A7,14.23,queries/Core/05_join_type/full_outer.sql,2,1,5,1.442943,6.714350,1.317852,0.125091,15.453796,75.366272,14.978119,0.475677,14.001770,68.727753,13.681496,0.320274,0
2026-07-27T11:40:52Z,F346E7F692C196A7,14.23,queries/Core/05_join_type/inner.sql,2,1,5,1.203931,5.537194,1.083316,0.120616,13.764160,63.839752,12.518898,1.245262,12.561096,58.606873,11.511444,1.049652,0
2026-07-27T11:41:03Z,F346E7F692C196A7,14.23,queries/Core/05_join_type/join_on_text_cast.sql,2,1,5,1.045930,4.740884,0.923739,0.122191,24.584839,120.165955,23.895279,0.689560,23.522339,115.282806,22.940117,0.582222,0
2026-07-27T11:41:17Z,F346E7F692C196A7,14.23,queries/Core/05_join_type/left_outer.sql,2,1,5,1.262119,5.586326,1.081052,0.181067,14.171570,65.995392,12.955956,1.215614,12.866577,60.479492,11.903229,0.963348,0
2026-07-27T11:41:31Z,F346E7F692C196A7,14.23,queries/Core/05_join_type/right_outer.sql,2,1,5,1.220696,5.679540,1.114711,0.105985,14.053833,65.652649,12.899704,1.154129,12.851501,60.271118,11.854904,0.996597,0
2026-07-27T11:41:51Z,F346E7F692C196A7,14.23,queries/Core/05_join_type/self_join.sql,2,1,5,1.786032,8.458686,1.668164,0.117868,21.421936,101.574768,20.038208,1.383728,19.750122,93.761993,18.502968,1.247154,0
2026-07-27T11:42:04Z,F346E7F692C196A7,14.23,queries/Core/05_join_type/semi_exists.sql,2,1,5,1.159088,5.319816,1.040182,0.118906,13.149048,61.081055,11.983002,1.166046,12.046509,56.120453,11.018486,1.028023,0
2026-07-27T11:42:52Z,F346E7F692C196A7,14.23,queries/Core/06_join_chain/chain_1_hash.sql,2,1,5,4.145784,19.613040,3.866814,0.278970,50.046387,237.026947,46.745140,3.301247,45.792175,218.954254,43.290520,2.501656,0
2026-07-27T11:43:24Z,F346E7F692C196A7,14.23,queries/Core/06_join_chain/chain_1_merge.sql,2,1,5,2.817094,13.310723,2.623407,0.193686,34.443726,163.946136,32.375603,2.068123,31.763611,151.773376,30.002441,1.761169,0
2026-07-27T11:43:55Z,F346E7F692C196A7,14.23,queries/Core/06_join_chain/chain_1_nestloop.sql,2,1,5,2.658935,12.911534,2.563150,0.095785,72.025635,340.105957,67.020081,5.005554,69.474976,327.600250,64.531319,4.943657,0
2026-07-27T11:44:53Z,F346E7F692C196A7,14.23,queries/Core/06_join_chain/chain_2_hash.sql,2,1,5,4.941897,23.901054,4.739789,0.202108,62.521545,293.386963,57.716354,4.805191,57.707458,270.912476,53.301254,4.406204,0
2026-07-27T11:46:56Z,F346E7F692C196A7,14.23,queries/Core/06_join_chain/chain_2_merge.sql,2,1,5,10.293955,51.082348,10.197098,0.096856,100.855774,492.012543,97.789192,3.066582,87.255554,423.640442,84.096222,3.159332,0
2026-07-27T11:48:41Z,F346E7F692C196A7,14.23,queries/Core/06_join_chain/chain_2_nestloop.sql,2,1,5,8.663161,44.016106,8.838236,-0.175075,163.927490,793.454559,157.381767,6.545723,148.034302,713.171753,141.284363,6.749939,0
2026-07-27T11:49:39Z,F346E7F692C196A7,14.23,queries/Core/06_join_chain/chain_3_hash.sql,2,1,5,4.972955,24.021902,4.762237,0.210718,62.037476,296.431305,58.598457,3.439018,57.220154,273.940521,54.180092,3.040062,0
2026-07-27T11:51:44Z,F346E7F692C196A7,14.23,queries/Core/06_join_chain/chain_3_merge.sql,2,1,5,10.577245,51.706280,10.282259,0.294986,102.830688,506.048706,100.804504,2.026184,88.636841,437.120697,87.120964,1.515877,0
2026-07-27T11:55:46Z,F346E7F692C196A7,14.23,queries/Core/06_join_chain/chain_3_nestloop.sql,2,1,5,20.483235,100.854400,20.092791,0.390444,208.388184,1023.182495,203.698578,4.689606,179.267090,880.041046,175.193489,4.073601,0
2026-07-27T11:56:45Z,F346E7F692C196A7,14.23,queries/Core/06_join_chain/chain_4_hash.sql,2,1,5,4.987978,24.367401,4.844856,0.143122,59.917847,294.593079,58.668808,1.249039,55.338013,272.579620,54.310402,1.027611,0
2026-07-27T11:58:50Z,F346E7F692C196A7,14.23,queries/Core/06_join_chain/chain_4_merge.sql,2,1,5,10.499144,52.170457,10.417828,0.081316,103.639771,500.612640,99.243217,4.396553,89.687378,431.515503,85.457031,4.230347,0
2026-07-27T12:02:54Z,F346E7F692C196A7,14.23,queries/Core/06_join_chain/chain_4_nestloop.sql,2,1,5,20.247494,101.267234,20.254935,-0.007442,206.790833,1029.231110,205.610069,1.180763,178.067688,885.403839,176.834038,1.233650,0
2026-07-27T12:03:05Z,F346E7F692C196A7,14.23,queries/Core/07_grouping_distinct/count_per_group.sql,2,1,5,1.003653,4.583731,0.895019,0.108634,26.530090,131.160400,26.157578,0.372513,25.509705,126.460205,25.237625,0.272079,0
2026-07-27T12:04:05Z,F346E7F692C196A7,14.23,queries/Core/07_grouping_distinct/cube.sql,2,1,5,5.089759,25.093048,5.000822,0.088937,63.135132,309.113159,61.494507,1.640625,58.346069,286.017273,56.917801,1.428268,0
2026-07-27T12:05:14Z,F346E7F692C196A7,14.23,queries/Core/07_grouping_distinct/distinct_200k_vals.sql,2,1,5,5.896934,28.731506,5.708643,0.188291,70.017212,340.691101,67.668472,2.348740,64.362488,314.542175,62.544922,1.817566,0
2026-07-27T12:05:44Z,F346E7F692C196A7,14.23,queries/Core/07_grouping_distinct/distinct_3_vals.sql,2,1,5,2.513899,12.350159,2.459065,0.054834,30.498901,150.666107,30.041801,0.457100,28.183411,139.436462,27.813263,0.370148,0
2026-07-27T12:08:44Z,F346E7F692C196A7,14.23,queries/Core/07_grouping_distinct/distinct_on.sql,2,1,5,15.172753,74.849766,14.919253,0.253500,179.248230,884.715302,176.366768,2.881462,165.660828,818.138245,163.119354,2.541473,0
2026-07-27T12:09:28Z,F346E7F692C196A7,14.23,queries/Core/07_grouping_distinct/group_1500k_vals.sql,2,1,5,3.699955,18.191651,3.622924,0.077031,93.348633,422.251221,82.225647,11.122986,89.362671,402.758392,78.348930,11.013741,0
2026-07-27T12:10:00Z,F346E7F692C196A7,14.23,queries/Core/07_grouping_distinct/group_200k_sortagg.sql,2,1,5,2.726678,13.335028,2.652087,0.074591,62.164001,300.187347,59.505836,2.658165,58.496277,282.495758,55.999870,2.496407,0
2026-07-27T12:10:34Z,F346E7F692C196A7,14.23,queries/Core/07_grouping_distinct/group_200k_vals.sql,2,1,5,3.113976,14.144753,2.757694,0.356282,67.136475,310.323639,60.796791,6.339684,62.554993,290.206543,56.912888,5.642105,0
2026-07-27T12:10:47Z,F346E7F692C196A7,14.23,queries/Core/07_grouping_distinct/group_3_vals.sql,2,1,5,1.080628,4.994060,0.978358,0.102270,23.084229,111.026642,21.985603,1.098625,21.976746,105.899658,20.980728,0.996017,0
2026-07-27T12:11:01Z,F346E7F692C196A7,14.23,queries/Core/07_grouping_distinct/group_7_vals.sql,2,1,5,1.285684,5.997294,1.177903,0.107781,27.399048,132.060303,26.165314,1.233734,26.025330,126.012268,24.996735,1.028595,0
2026-07-27T12:11:46Z,F346E7F692C196A7,14.23,queries/Core/07_grouping_distinct/grouping_sets.sql,2,1,5,3.856415,18.716409,3.714999,0.141416,49.564758,232.969513,45.851189,3.713570,45.893066,215.705414,42.453087,3.439980,0
2026-07-27T12:12:24Z,F346E7F692C196A7,14.23,queries/Core/07_grouping_distinct/having.sql,2,1,5,3.264009,15.637181,3.093293,0.170716,71.188538,344.860962,68.418106,2.770432,67.483276,325.416718,64.483360,2.999916,0
2026-07-27T12:13:11Z,F346E7F692C196A7,14.23,queries/Core/07_grouping_distinct/rollup.sql,2,1,5,3.999460,19.485354,3.871474,0.127987,51.296997,248.082367,49.196342,2.100655,47.466370,230.141296,45.668732,1.797638,0
2026-07-27T12:13:33Z,F346E7F692C196A7,14.23,queries/Core/08_sorting/limit_with_ties.sql,2,1,5,1.819318,9.137763,1.829611,-0.010293,49.576416,233.734467,46.039513,3.536903,46.953125,220.514404,43.390320,3.562805,0
2026-07-27T12:15:12Z,F346E7F692C196A7,14.23,queries/Core/08_sorting/sort_2_keys.sql,2,1,5,8.365041,41.233400,8.217090,0.147951,101.055481,494.618561,98.390770,2.664711,93.244568,456.228760,90.746048,2.498520,0
2026-07-27T12:16:21Z,F346E7F692C196A7,14.23,queries/Core/08_sorting/sort_date.sql,2,1,5,5.852964,28.677813,5.706212,0.146752,68.890869,342.604340,68.428368,0.462502,63.425537,315.830688,63.101288,0.324249,0
2026-07-27T12:17:42Z,F346E7F692C196A7,14.23,queries/Core/08_sorting/sort_desc.sql,2,1,5,6.820870,33.481439,6.665142,0.155728,79.369568,396.962067,79.398125,-0.028557,72.977539,365.606049,73.157127,-0.179588,0
2026-07-27T12:19:02Z,F346E7F692C196A7,14.23,queries/Core/08_sorting/sort_int.sql,2,1,5,6.764866,33.167320,6.600614,0.164252,79.244690,385.684418,76.609932,2.634758,72.910339,355.677429,70.691772,2.218567,0
2026-07-27T12:20:00Z,F346E7F692C196A7,14.23,queries/Core/08_sorting/sort_int_presorted.sql,2,1,5,5.005362,24.476638,4.867819,0.137543,60.632812,296.299988,58.916794,1.716019,56.083069,273.902893,54.454956,1.628113,0
2026-07-27T12:23:26Z,F346E7F692C196A7,14.23,queries/Core/08_sorting/sort_numeric.sql,2,1,5,17.178025,85.599793,17.105442,0.072583,186.959595,937.107178,187.536896,-0.577301,171.718079,861.593750,172.468918,-0.750839,0
2026-07-27T12:30:58Z,F346E7F692C196A7,14.23,queries/Core/08_sorting/sort_text.sql,2,1,5,37.539697,188.887722,37.837006,-0.297309,791.181213,3927.923859,784.185661,6.995552,754.766296,3746.041779,747.818871,6.947426,0
2026-07-27T12:32:20Z,F346E7F692C196A7,14.23,queries/Core/08_sorting/sort_text_collate_c.sql,2,1,5,6.793350,34.670244,6.969224,-0.175874,155.758179,751.728973,148.992699,6.765480,147.054565,708.129669,140.268776,6.785789,0
2026-07-27T12:32:29Z,F346E7F692C196A7,14.23,queries/Core/08_sorting/sort_topn_100.sql,2,1,5,0.836983,3.684836,0.711963,0.125020,18.112488,85.818054,16.926392,1.186096,17.209473,81.969666,16.190048,1.019424,0
2026-07-27T12:33:02Z,F346E7F692C196A7,14.23,queries/Core/09_set_operations/except.sql,2,1,5,2.727326,13.450153,2.680707,0.046619,18.369629,87.528839,17.289803,1.079826,15.714478,74.478607,14.691032,1.023445,0
2026-07-27T12:33:34Z,F346E7F692C196A7,14.23,queries/Core/09_set_operations/except_all.sql,2,1,5,2.777009,13.210328,2.608330,0.168679,17.833496,87.612030,17.444633,0.388863,15.024353,75.186920,15.040642,-0.016289,0
2026-07-27T12:34:06Z,F346E7F692C196A7,14.23,queries/Core/09_set_operations/intersect.sql,2,1,5,2.710613,13.280124,2.642378,0.068235,18.254822,86.831787,17.144241,1.110580,15.667297,74.363861,14.674141,0.993156,0
2026-07-27T12:34:39Z,F346E7F692C196A7,14.23,queries/Core/09_set_operations/intersect_all.sql,2,1,5,2.847327,13.619091,2.692941,0.154386,18.824097,91.987427,18.290833,0.533264,16.047485,79.107910,15.765106,0.282379,0
2026-07-27T12:35:19Z,F346E7F692C196A7,14.23,queries/Core/09_set_operations/union.sql,2,1,5,3.449770,16.653616,3.300962,0.148808,39.923462,193.219574,38.324028,1.599434,36.634766,177.955872,35.330276,1.304489,0
2026-07-27T12:35:28Z,F346E7F692C196A7,14.23,queries/Core/09_set_operations/union_all.sql,2,1,5,0.814966,3.584999,0.692508,0.122457,9.326111,43.246521,8.480103,0.846008,8.527100,39.852478,7.831345,0.695755,0
2026-07-27T12:35:31Z,F346E7F692C196A7,14.23,queries/Core/10_subqueries_ctes/cte_inline.sql,2,1,5,0.386247,1.559850,0.293401,0.092847,4.138672,17.977051,3.459595,0.679077,3.708557,16.472107,3.190887,0.517670,0
2026-07-27T12:35:40Z,F346E7F692C196A7,14.23,queries/Core/10_subqueries_ctes/cte_materialized.sql,2,1,5,0.751796,3.609828,0.714508,0.037288,9.175171,42.704498,8.382332,0.792839,8.484680,39.306549,7.705467,0.779213,0
2026-07-27T12:35:46Z,F346E7F692C196A7,14.23,queries/Core/10_subqueries_ctes/cte_recursive.sql,2,1,5,0.526514,2.259169,0.433164,0.093350,5.981567,27.464935,5.370842,0.610725,5.464722,25.334564,4.967461,0.497261,0
2026-07-27T12:35:50Z,F346E7F692C196A7,14.23,queries/Core/10_subqueries_ctes/from_subquery.sql,2,1,5,0.396033,1.549418,0.288346,0.107687,3.988342,18.001709,3.503342,0.485001,3.561462,16.522400,3.240234,0.321228,0
2026-07-27T12:35:58Z,F346E7F692C196A7,14.23,queries/Core/10_subqueries_ctes/function_scan.sql,2,1,5,0.743325,3.348132,0.651202,0.092123,8.733826,41.110291,8.094116,0.639709,7.996826,38.077301,7.520119,0.476707,0
2026-07-27T12:36:23Z,F346E7F692C196A7,14.23,queries/Core/10_subqueries_ctes/lateral_limit.sql,2,1,5,2.224012,10.422134,2.049530,0.174481,20.257385,93.728790,18.367851,1.889534,17.174500,79.006012,15.457878,1.716621,0
2026-07-27T12:36:32Z,F346E7F692C196A7,14.23,queries/Core/10_subqueries_ctes/scalar_correlated.sql,2,1,5,0.770551,3.624225,0.713418,0.057133,8.929626,41.736816,8.201797,0.727829,8.134827,38.453522,7.579674,0.555153,0
2026-07-27T12:36:41Z,F346E7F692C196A7,14.23,queries/Core/10_subqueries_ctes/scalar_correlated_indexed.sql,2,1,5,0.821746,3.458357,0.659153,0.162594,9.644897,42.547241,8.225586,1.419312,8.858032,39.336060,7.619507,1.238525,0
2026-07-27T12:36:44Z,F346E7F692C196A7,14.23,queries/Core/10_subqueries_ctes/scalar_uncorrelated.sql,2,1,5,0.374279,1.368521,0.248561,0.125718,3.674683,16.295410,3.155182,0.519501,3.286072,14.946625,2.915138,0.370934,0
2026-07-27T12:36:45Z,F346E7F692C196A7,14.23,queries/Core/10_subqueries_ctes/values_scan.sql,2,1,5,0.039936,0.040459,0.000131,0.039805,0.500244,0.507111,0.001717,0.498528,0.447083,0.449890,0.000702,0.446381,0
2026-07-27T12:37:49Z,F346E7F692C196A7,14.23,queries/Core/12_memory_workmem/hashagg_nospill.sql,2,1,5,5.437470,26.981168,5.385924,0.051545,28.315247,135.653931,26.834671,1.480576,23.098816,110.500000,21.850296,1.248520,0
2026-07-27T12:38:21Z,F346E7F692C196A7,14.23,queries/Core/12_memory_workmem/hashagg_spill.sql,2,1,5,2.660131,13.079599,2.604867,0.055264,68.605225,338.794647,67.547356,1.057869,64.782532,320.051239,63.817177,0.965355,0
2026-07-27T12:38:26Z,F346E7F692C196A7,14.23,queries/Core/12_memory_workmem/hashjoin_manybatch.sql,2,1,5,0.501097,2.076012,0.393729,0.107368,9.818054,47.242371,9.356079,0.461975,9.247864,45.124268,8.969101,0.278763,0
2026-07-27T12:38:30Z,F346E7F692C196A7,14.23,queries/Core/12_memory_workmem/hashjoin_onebatch.sql,2,1,5,0.316948,1.498881,0.295483,0.021465,7.461609,34.408539,6.736732,0.724876,7.135864,32.856354,6.430122,0.705742,0
2026-07-27T12:39:38Z,F346E7F692C196A7,14.23,queries/Core/12_memory_workmem/sort_nospill.sql,2,1,5,5.764010,28.303062,5.634763,0.129247,51.784485,242.245880,47.615349,4.169136,45.895081,214.633759,42.184669,3.710411,0
2026-07-27T12:40:58Z,F346E7F692C196A7,14.23,queries/Core/12_memory_workmem/sort_spill.sql,2,1,5,6.717504,33.228758,6.627814,0.089690,78.069824,389.647034,77.894302,0.175522,72.042908,359.490723,71.861954,0.180954,0
2026-07-27T12:42:47Z,F346E7F692C196A7,14.23,queries/Core/12_memory_workmem/window_nospill.sql,2,1,5,9.117682,45.292493,9.043703,0.073979,99.535889,490.837494,97.825401,1.710487,90.716492,446.605591,88.972275,1.744217,0
2026-07-27T12:55:27Z,F346E7F692C196A7,14.23,queries/Core/12_memory_workmem/window_spill.sql,2,1,5,63.297297,317.017082,63.429946,-0.132649,662.699646,3333.236481,667.634209,-4.934563,606.973450,3051.321991,611.087135,-4.113686,0
2026-07-27T12:57:23Z,F346E7F692C196A7,14.23,queries/Core/12_memory_workmem/window_tail_spill.sql,2,1,5,9.709679,48.035730,9.581513,0.128166,119.326416,584.859528,116.383278,2.943138,110.145020,540.946777,107.700439,2.444580,0
2026-07-27T12:58:05Z,F346E7F692C196A7,14.23,queries/Core/13_jit/jit_inline.sql,2,1,5,3.420322,17.716374,3.574013,-0.153691,96.529663,440.051849,85.880547,10.649117,93.103271,423.078583,82.493828,10.609444,0
2026-07-27T12:58:49Z,F346E7F692C196A7,14.23,queries/Core/13_jit/jit_off.sql,2,1,5,3.757856,18.303717,3.636465,0.121391,82.338562,401.371521,79.758240,2.580322,78.570740,383.842712,76.317993,2.252747,0
2026-07-27T12:59:33Z,F346E7F692C196A7,14.23,queries/Core/13_jit/jit_on.sql,2,1,5,3.707266,18.228756,3.630373,0.076894,81.436401,400.002960,79.641640,1.794762,77.858765,382.626617,76.191963,1.666801,0
2026-07-27T13:00:15Z,F346E7F692C196A7,14.23,queries/Core/13_jit/jit_optimize.sql,2,1,5,3.585053,17.446518,3.465366,0.119686,78.765747,382.796143,76.007599,2.758148,75.226013,366.126831,72.725204,2.500809,0
2026-07-27T13:00:57Z,F346E7F692C196A7,14.23,queries/Core/14_modern_nodes/incremental_sort.sql,2,1,5,3.643817,17.403077,3.439815,0.204002,45.980225,218.844727,43.216125,2.764099,42.259583,201.663879,39.851074,2.408508,0
2026-07-27T13:02:15Z,F346E7F692C196A7,14.23,queries/Core/14_modern_nodes/incremental_sort_off.sql,2,1,5,6.586285,32.466177,6.469973,0.116312,80.746765,396.195740,78.862244,1.884521,74.344055,364.591064,72.561752,1.782303,0
2026-07-27T13:09:19Z,F346E7F692C196A7,14.23,queries/Core/14_modern_nodes/memoize.sql,2,1,5,35.075005,176.679840,35.401209,-0.326204,438.528992,2193.786621,438.814407,-0.285416,405.984253,2031.655792,406.417885,-0.433632,0
2026-07-27T13:13:15Z,F346E7F692C196A7,14.23,queries/Core/14_modern_nodes/memoize_off.sql,2,1,5,19.524482,98.518917,19.748609,-0.224126,246.788269,1252.886963,251.524673,-4.736404,229.715759,1166.442047,234.181572,-4.465813,0
2026-07-27T13:13:39Z,F346E7F692C196A7,14.23,queries/Functions/00_baseline/char.sql,2,1,5,2.084552,9.948337,1.965946,0.118605,24.388672,118.819092,23.607605,0.781067,22.468140,109.637390,21.792313,0.675827,0
2026-07-27T13:14:00Z,F346E7F692C196A7,14.23,queries/Functions/00_baseline/date.sql,2,1,5,1.843640,8.740220,1.724145,0.119495,21.781677,103.491547,20.427467,1.354210,19.938904,95.501068,18.890541,1.048363,0
2026-07-27T13:14:10Z,F346E7F692C196A7,14.23,queries/Functions/00_baseline/int.sql,2,1,5,0.893043,3.952458,0.764854,0.128189,10.660522,48.962524,9.575500,1.085022,9.728210,45.305054,8.894211,0.834000,0
2026-07-27T13:14:27Z,F346E7F692C196A7,14.23,queries/Functions/00_baseline/numeric.sql,2,1,5,1.475748,6.914414,1.359667,0.116082,17.382996,83.066162,16.420792,0.962204,15.837524,76.587311,15.187447,0.650078,0
2026-07-27T13:14:52Z,F346E7F692C196A7,14.23,queries/Functions/00_baseline/text.sql,2,1,5,2.163911,10.353517,2.047402,0.116509,25.512512,123.483093,24.492645,1.019867,23.450256,114.031250,22.645248,0.805008,0
2026-07-27T13:15:21Z,F346E7F692C196A7,14.23,queries/Functions/09-01_logical/and.sql,2,1,5,2.509957,12.060688,2.387683,0.122275,29.599060,142.940491,28.335358,1.263702,27.217957,131.927643,26.177422,1.040535,0
2026-07-27T13:15:45Z,F346E7F692C196A7,14.23,queries/Functions/09-01_logical/not.sql,2,1,5,2.135231,10.210005,2.018694,0.116537,24.919739,121.509827,24.147522,0.772217,22.907166,112.100037,22.298218,0.608948,0
2026-07-27T13:16:12Z,F346E7F692C196A7,14.23,queries/Functions/09-01_logical/or.sql,2,1,5,2.291722,11.016285,2.181141,0.110581,26.494446,132.135925,26.410370,0.084076,24.337402,122.005646,24.417061,-0.079659,0
2026-07-27T13:16:39Z,F346E7F692C196A7,14.23,queries/Functions/09-02_comparison/between.sql,2,1,5,2.381343,11.416221,2.258720,0.122623,27.638733,136.306213,27.166870,0.471863,25.406860,125.748627,25.085442,0.321419,0
2026-07-27T13:17:13Z,F346E7F692C196A7,14.23,queries/Functions/09-02_comparison/between_symmetric.sql,2,1,5,2.839216,13.734237,2.723755,0.115461,33.099548,161.896423,32.199219,0.900330,30.400696,149.440704,29.760002,0.640694,0
2026-07-27T13:17:35Z,F346E7F692C196A7,14.23,queries/Functions/09-02_comparison/eq.sql,2,1,5,1.972808,9.382313,1.852376,0.120432,23.332275,111.643433,22.077789,1.254486,21.376160,102.934143,20.389496,0.986664,0
2026-07-27T13:17:58Z,F346E7F692C196A7,14.23,queries/Functions/09-02_comparison/ge.sql,2,1,5,1.968164,9.297474,1.832327,0.135837,22.570435,110.906342,22.083977,0.486458,20.763184,102.292755,20.382393,0.380791,0
2026-07-27T13:18:26Z,F346E7F692C196A7,14.23,queries/Functions/09-02_comparison/greatest.sql,2,1,5,2.412022,11.619864,2.301960,0.110062,28.427429,139.458221,27.757698,0.669731,26.248718,128.841339,25.648155,0.600563,0
2026-07-27T13:18:48Z,F346E7F692C196A7,14.23,queries/Functions/09-02_comparison/gt.sql,2,1,5,1.963451,9.349537,1.846521,0.116930,22.687927,110.789307,22.025345,0.662582,20.868652,102.151672,20.320755,0.547897,0
2026-07-27T13:19:11Z,F346E7F692C196A7,14.23,queries/Functions/09-02_comparison/is_distinct_from.sql,2,1,5,1.925768,9.419079,1.873328,0.052440,22.760803,111.448792,22.171997,0.588806,20.948608,102.781433,20.458206,0.490402,0
2026-07-27T13:19:34Z,F346E7F692C196A7,14.23,queries/Functions/09-02_comparison/is_not_distinct_from.sql,2,1,5,2.007211,9.537602,1.882598,0.124613,23.563721,113.041687,22.369492,1.194229,21.694092,104.231079,20.634247,1.059845,0
2026-07-27T13:19:59Z,F346E7F692C196A7,14.23,queries/Functions/09-02_comparison/is_not_null.sql,2,1,5,2.181400,10.456718,2.068829,0.112571,25.625427,124.408813,24.695847,0.929581,23.634399,114.792145,22.789436,0.844963,0
2026-07-27T13:20:24Z,F346E7F692C196A7,14.23,queries/Functions/09-02_comparison/is_null.sql,2,1,5,2.179917,10.444712,2.066199,0.113718,25.769104,125.082703,24.828400,0.940704,23.763062,115.412201,22.912285,0.850777,0
2026-07-27T13:20:47Z,F346E7F692C196A7,14.23,queries/Functions/09-02_comparison/le.sql,2,1,5,1.965891,9.314131,1.837060,0.128831,22.967407,110.978333,22.002731,0.964676,21.148438,102.349091,20.300163,0.848274,0
2026-07-27T13:21:15Z,F346E7F692C196A7,14.23,queries/Functions/09-02_comparison/least.sql,2,1,5,2.401215,11.554264,2.288262,0.112952,28.263672,138.834259,27.642647,0.621025,25.987549,128.270782,25.570808,0.416740,0
2026-07-27T13:21:37Z,F346E7F692C196A7,14.23,queries/Functions/09-02_comparison/lt.sql,2,1,5,1.976729,9.383026,1.851574,0.125155,23.213928,111.958405,22.186119,1.027809,21.386658,103.251740,20.466270,0.920387,0
2026-07-27T13:22:00Z,F346E7F692C196A7,14.23,queries/Functions/09-02_comparison/ne.sql,2,1,5,1.961889,9.336723,1.843709,0.118180,22.963257,111.618286,22.163757,0.799500,21.086304,103.033875,20.486893,0.599411,0
2026-07-27T13:22:28Z,F346E7F692C196A7,14.23,queries/Functions/09-02_comparison/not_between.sql,2,1,5,2.408463,11.507585,2.274780,0.133682,27.784485,135.270630,26.871536,0.912949,25.589355,124.667053,24.769424,0.819931,0
2026-07-27T13:22:46Z,F346E7F692C196A7,14.23,queries/Functions/09-02_comparison/num_nonnulls.sql,2,1,5,1.622434,7.661186,1.509688,0.112745,19.060486,92.117279,18.264198,0.796288,17.502869,84.963348,16.865120,0.637749,0
2026-07-27T13:23:05Z,F346E7F692C196A7,14.23,queries/Functions/09-02_comparison/num_nulls.sql,2,1,5,1.625265,7.612408,1.496786,0.128480,19.013550,91.257874,18.061081,0.952469,17.498474,84.166779,16.667076,0.831398,0
2026-07-27T13:23:36Z,F346E7F692C196A7,14.23,queries/Functions/09-03_math/abs.sql,2,1,5,2.726700,13.114454,2.596938,0.129762,32.319153,157.769562,31.362602,0.956551,29.789307,145.877747,29.022110,0.767197,0
2026-07-27T13:24:20Z,F346E7F692C196A7,14.23,queries/Functions/09-03_math/acos.sql,2,1,5,3.751607,18.214925,3.615829,0.135778,43.480591,211.628357,42.036942,1.443649,40.002502,195.359222,38.839180,1.163322,0
2026-07-27T13:25:00Z,F346E7F692C196A7,14.23,queries/Functions/09-03_math/acosh.sql,2,1,5,3.399592,16.434254,3.258666,0.140926,39.446716,191.070129,37.905853,1.540863,36.321655,176.333801,35.003036,1.318619,0
2026-07-27T13:25:34Z,F346E7F692C196A7,14.23,queries/Functions/09-03_math/add.sql,2,1,5,2.930325,14.161271,2.807736,0.122588,34.297241,169.319092,33.755463,0.541779,31.569946,156.511017,31.235268,0.334679,0
2026-07-27T13:26:35Z,F346E7F692C196A7,14.23,queries/Functions/09-03_math/add_float8.sql,2,1,5,5.100922,25.225323,5.031100,0.069821,59.509216,294.100739,58.647881,0.861336,54.974792,271.678314,54.175880,0.798912,0
2026-07-27T13:27:19Z,F346E7F692C196A7,14.23,queries/Functions/09-03_math/asin.sql,2,1,5,3.745744,18.237630,3.622972,0.122772,42.724670,209.787750,41.765770,0.958900,39.265930,193.416626,38.537674,0.728256,0
2026-07-27T13:27:58Z,F346E7F692C196A7,14.23,queries/Functions/09-03_math/asinh.sql,2,1,5,3.358120,16.325310,3.241797,0.116323,38.989990,191.090912,38.025230,0.964760,35.843628,176.375702,35.133018,0.710609,0
2026-07-27T13:28:36Z,F346E7F692C196A7,14.23,queries/Functions/09-03_math/atan.sql,2,1,5,3.254558,15.747497,3.123235,0.131323,38.167053,186.047180,36.970032,1.197021,35.125488,171.855530,34.182510,0.942978,0
2026-07-27T13:29:40Z,F346E7F692C196A7,14.23,queries/Functions/09-03_math/atan2.sql,2,1,5,5.429795,26.629546,5.299938,0.129857,63.362854,311.805817,62.110741,1.252113,58.371094,288.093781,57.430672,0.940422,0
2026-07-27T13:30:26Z,F346E7F692C196A7,14.23,queries/Functions/09-03_math/atanh.sql,2,1,5,3.917236,19.102618,3.796345,0.120891,44.602417,221.122559,44.130035,0.472382,40.988159,203.989502,40.750336,0.237823,0
2026-07-27T13:31:19Z,F346E7F692C196A7,14.23,queries/Functions/09-03_math/cbrt.sql,2,1,5,4.546756,22.128573,4.395454,0.151302,51.588562,252.608765,50.255051,1.333511,47.375366,232.907501,46.383034,0.992332,0
2026-07-27T13:32:16Z,F346E7F692C196A7,14.23,queries/Functions/09-03_math/ceil.sql,2,1,5,4.839167,23.765357,4.731548,0.107620,55.204651,277.973267,55.692154,-0.487503,50.814026,256.802032,51.497002,-0.682976,0
2026-07-27T13:33:01Z,F346E7F692C196A7,14.23,queries/Functions/09-03_math/cos.sql,2,1,5,3.829953,18.634029,3.701019,0.128934,44.423462,217.039917,43.154114,1.269348,40.899658,200.307373,39.851929,1.047729,0
2026-07-27T13:33:48Z,F346E7F692C196A7,14.23,queries/Functions/09-03_math/cosh.sql,2,1,5,3.935892,19.216640,3.820187,0.115705,44.699707,220.142975,43.860817,0.838890,41.095825,202.963043,40.466805,0.629021,0
2026-07-27T13:34:31Z,F346E7F692C196A7,14.23,queries/Functions/09-03_math/degrees.sql,2,1,5,3.693837,17.942479,3.562161,0.131676,42.002014,206.021515,41.004875,0.997139,38.520630,189.910339,37.847427,0.673203,0
2026-07-27T13:35:08Z,F346E7F692C196A7,14.23,queries/Functions/09-03_math/div_fn.sql,2,1,5,3.173123,15.343202,3.042520,0.130603,36.901855,180.248871,35.836754,1.065102,33.923035,166.356537,33.108376,0.814659,0
2026-07-27T13:35:52Z,F346E7F692C196A7,14.23,queries/Functions/09-03_math/divide.sql,2,1,5,3.741605,18.222844,3.620310,0.121295,41.851807,205.604309,40.938126,0.913681,38.319580,189.289185,37.742401,0.577179,0
2026-07-27T13:36:36Z,F346E7F692C196A7,14.23,queries/Functions/09-03_math/exp_float8.sql,2,1,5,3.813569,18.448546,3.658744,0.154824,43.242249,214.392456,42.787552,0.454697,39.682068,197.886536,39.551117,0.130951,0
2026-07-27T13:42:40Z,F346E7F692C196A7,14.23,queries/Functions/09-03_math/exp_numeric.sql,2,1,5,30.505758,151.657411,30.287913,0.217845,348.565002,1736.377869,346.953217,1.611786,322.143188,1604.906250,320.690765,1.452423,0
2026-07-27T13:43:18Z,F346E7F692C196A7,14.23,queries/Functions/09-03_math/exponent.sql,2,1,5,3.217024,15.586211,3.092297,0.124727,38.034851,186.539185,37.126083,0.908768,35.084656,172.413879,34.332306,0.752350,0
2026-07-27T13:43:52Z,F346E7F692C196A7,14.23,queries/Functions/09-03_math/factorial.sql,2,1,5,2.929515,14.119119,2.797401,0.132114,34.812378,169.011078,33.549675,1.262703,32.035889,156.187927,31.038010,0.997879,0
2026-07-27T13:44:45Z,F346E7F692C196A7,14.23,queries/Functions/09-03_math/floor.sql,2,1,5,4.452140,22.084867,4.408182,0.043958,51.068298,253.216431,50.537033,0.531265,47.114258,233.592468,46.619553,0.494705,0
2026-07-27T13:45:15Z,F346E7F692C196A7,14.23,queries/Functions/09-03_math/gcd.sql,2,1,5,2.593574,12.223885,2.407578,0.185996,25.878845,124.276001,24.599289,1.279556,23.481628,113.210938,22.432327,1.049301,0
2026-07-27T13:45:35Z,F346E7F692C196A7,14.23,queries/Functions/09-03_math/lcm.sql,2,1,5,1.710234,8.297008,1.646693,0.063540,19.932556,96.467926,19.133842,0.798714,18.244202,88.796265,17.638016,0.606186,0
2026-07-27T13:46:12Z,F346E7F692C196A7,14.23,queries/Functions/09-03_math/ln_float8.sql,2,1,5,3.211517,15.548152,3.084159,0.127359,38.024231,185.139893,36.778915,1.245316,35.060425,171.105438,34.011253,1.049171,0
2026-07-27T13:58:09Z,F346E7F692C196A7,14.23,queries/Functions/09-03_math/ln_numeric.sql,2,1,5,59.744660,298.696550,59.737972,0.006688,647.697388,3306.923828,664.806610,-17.109222,595.825623,3047.991333,613.041428,-17.215805,0
2026-07-27T13:58:47Z,F346E7F692C196A7,14.23,queries/Functions/09-03_math/log10_float8.sql,2,1,5,3.285379,15.996546,3.177792,0.107587,38.577942,189.881317,37.825844,0.752098,35.573242,175.355896,34.945663,0.627579,0
2026-07-27T14:43:02Z,F346E7F692C196A7,14.23,queries/Functions/09-03_math/log10_numeric.sql,2,1,5,221.634105,1105.657924,221.005955,0.628151,2502.479309,12357.545746,2463.766609,38.712700,2310.186340,11399.786072,2272.399933,37.786407,0
2026-07-27T15:23:20Z,F346E7F692C196A7,14.23,queries/Functions/09-03_math/log_base.sql,2,1,5,201.952184,1007.408052,201.363967,0.588217,2279.249268,-119848.823578,-30532.018211,32811.267479,2103.894775,10357.200562,2063.326447,40.568329,0
2026-07-27T15:23:46Z,F346E7F692C196A7,14.23,queries/Functions/09-03_math/min_scale.sql,2,1,5,2.268405,10.769875,2.125367,0.143037,25.474182,125.453156,24.994743,0.479439,23.414429,115.530731,23.029076,0.385353,0
2026-07-27T15:23:58Z,F346E7F692C196A7,14.23,queries/Functions/09-03_math/mod_fn.sql,2,1,5,1.086625,4.806836,0.930053,0.156572,12.924194,59.295380,11.592796,1.331398,11.906067,54.859009,10.738235,1.167831,0
2026-07-27T15:24:09Z,F346E7F692C196A7,14.23,queries/Functions/09-03_math/modulo.sql,2,1,5,1.082368,4.808927,0.931640,0.150728,12.972412,59.317230,11.586205,1.386208,11.936890,54.793701,10.714203,1.222687,0
2026-07-27T15:24:46Z,F346E7F692C196A7,14.23,queries/Functions/09-03_math/multiply.sql,2,1,5,3.119281,15.108080,2.997200,0.122081,37.241211,181.737061,36.123962,1.117249,34.151428,167.906952,33.438881,0.712547,0
2026-07-27T15:25:47Z,F346E7F692C196A7,14.23,queries/Functions/09-03_math/multiply_float8.sql,2,1,5,5.225988,25.369358,5.035843,0.190145,60.433044,297.038879,59.151459,1.281586,55.626160,274.776306,54.787537,0.838623,0
2026-07-27T15:26:23Z,F346E7F692C196A7,14.23,queries/Functions/09-03_math/pi.sql,2,1,5,3.131794,15.122085,2.997573,0.134221,36.894470,178.845978,35.487877,1.406593,33.999084,165.208221,32.802284,1.196800,0
2026-07-27T15:27:04Z,F346E7F692C196A7,14.23,queries/Functions/09-03_math/power_float8.sql,2,1,5,3.491379,17.005227,3.378462,0.112918,40.583374,199.377960,39.698647,0.884727,37.419495,184.109497,36.672501,0.746994,0
2026-07-27T15:27:42Z,F346E7F692C196A7,14.23,queries/Functions/09-03_math/power_numeric.sql,2,1,5,3.231019,15.601354,3.092584,0.138435,38.382996,186.146912,36.940979,1.442017,35.408569,172.102844,34.173569,1.235001,0
2026-07-27T15:28:18Z,F346E7F692C196A7,14.23,queries/Functions/09-03_math/radians.sql,2,1,5,3.108772,15.116331,3.001890,0.106883,36.038940,178.829926,35.697746,0.341194,33.176575,165.223969,33.011848,0.164726,0
2026-07-27T15:28:31Z,F346E7F692C196A7,14.23,queries/Functions/09-03_math/random.sql,2,1,5,1.173205,4.988105,0.953725,0.219481,13.709656,61.503418,11.948441,1.761215,12.549500,57.050171,11.125168,1.424332,0
2026-07-27T15:29:22Z,F346E7F692C196A7,14.23,queries/Functions/09-03_math/round.sql,2,1,5,4.358913,21.353788,4.248719,0.110194,49.413391,243.545624,48.533058,0.880333,45.438843,224.483246,44.761101,0.677742,0
2026-07-27T15:30:14Z,F346E7F692C196A7,14.23,queries/Functions/09-03_math/round_scale.sql,2,1,5,4.374081,21.448259,4.268545,0.105536,49.380676,244.708435,48.831940,0.548737,45.461487,225.550323,45.022209,0.439278,0
2026-07-27T15:30:38Z,F346E7F692C196A7,14.23,queries/Functions/09-03_math/scale.sql,2,1,5,2.090024,9.995253,1.976307,0.113717,23.717712,115.251740,22.883507,0.834206,21.727661,106.044891,21.079308,0.648354,0
2026-07-27T15:31:11Z,F346E7F692C196A7,14.23,queries/Functions/09-03_math/sign.sql,2,1,5,2.882966,13.958524,2.768890,0.114076,33.457031,166.164551,33.176880,0.280151,30.793945,153.566833,30.693222,0.100723,0
2026-07-27T15:31:56Z,F346E7F692C196A7,14.23,queries/Functions/09-03_math/sin.sql,2,1,5,3.783788,18.468544,3.671189,0.112599,43.435303,215.541107,43.026451,0.408852,39.996094,199.010986,39.753723,0.242371,0
2026-07-27T15:32:42Z,F346E7F692C196A7,14.23,queries/Functions/09-03_math/sinh.sql,2,1,5,3.948872,19.269883,3.830253,0.118619,44.865906,220.355896,43.872498,0.993408,41.231445,203.178558,40.486778,0.744667,0
2026-07-27T15:33:32Z,F346E7F692C196A7,14.23,queries/Functions/09-03_math/sqrt_float8.sql,2,1,5,4.204134,20.562434,4.089575,0.114559,47.437683,234.271973,46.708572,0.729111,43.583984,215.995056,43.102768,0.481216,0
2026-07-27T15:34:26Z,F346E7F692C196A7,14.23,queries/Functions/09-03_math/sqrt_numeric.sql,2,1,5,4.591933,22.369801,4.444467,0.147466,50.876587,249.260345,49.595940,1.280647,46.687073,229.448303,45.690308,0.996765,0
2026-07-27T15:35:00Z,F346E7F692C196A7,14.23,queries/Functions/09-03_math/subtract.sql,2,1,5,2.915152,14.116041,2.800222,0.114930,33.937012,167.515900,33.394722,0.542290,31.253784,154.810211,30.889107,0.364677,0
2026-07-27T15:35:45Z,F346E7F692C196A7,14.23,queries/Functions/09-03_math/tan.sql,2,1,5,3.854500,18.801982,3.736870,0.117630,44.349182,218.940765,43.647896,0.701286,40.845642,202.114166,40.317131,0.528511,0
2026-07-27T15:36:31Z,F346E7F692C196A7,14.23,queries/Functions/09-03_math/tanh.sql,2,1,5,3.896582,19.014211,3.779407,0.117175,44.298706,218.591431,43.573181,0.725525,40.782898,201.608734,40.206459,0.576439,0
2026-07-27T15:37:00Z,F346E7F692C196A7,14.23,queries/Functions/09-03_math/trim_scale.sql,2,1,5,2.514460,12.090562,2.394025,0.120434,28.699524,141.105835,28.101578,0.597946,26.409668,130.095154,25.921371,0.488297,0
2026-07-27T15:37:50Z,F346E7F692C196A7,14.23,queries/Functions/09-03_math/trunc.sql,2,1,5,4.295339,21.003860,4.177130,0.118209,48.702576,239.732025,47.757362,0.945213,44.757568,221.002289,44.061180,0.696388,0
2026-07-27T15:38:41Z,F346E7F692C196A7,14.23,queries/Functions/09-03_math/trunc_scale.sql,2,1,5,4.311155,21.086288,4.193783,0.117371,48.754333,239.283142,47.632202,1.122131,44.900635,220.485687,43.896263,1.004372,0
2026-07-27T15:39:03Z,F346E7F692C196A7,14.23,queries/Functions/09-03_math/unary_minus.sql,2,1,5,1.903414,9.054345,1.787733,0.115681,22.367920,108.717773,21.587463,0.780457,20.595032,100.377014,19.945496,0.649536,0
2026-07-27T15:40:13Z,F346E7F692C196A7,14.23,queries/Functions/09-03_math/width_bucket.sql,2,1,5,5.858511,28.890666,5.758039,0.100472,68.355896,339.950195,67.898575,0.457321,63.024048,314.283081,62.814758,0.209290,0
2026-07-27T15:40:38Z,F346E7F692C196A7,14.23,queries/Functions/09-04_string/ascii.sql,2,1,5,2.227673,10.622187,2.098628,0.129045,26.161987,127.079742,25.229439,0.932549,24.123779,117.294769,23.292747,0.831032,0
2026-07-27T15:41:04Z,F346E7F692C196A7,14.23,queries/Functions/09-04_string/bit_length.sql,2,1,5,2.266388,10.821998,2.138903,0.127485,26.668152,129.221313,25.638290,1.029861,24.515503,119.350281,23.708694,0.806808,0
2026-07-27T15:41:59Z,F346E7F692C196A7,14.23,queries/Functions/09-04_string/btrim.sql,2,1,5,4.637189,22.655486,4.504574,0.132615,56.218567,273.547485,54.332230,1.886337,52.071777,253.507050,50.358818,1.712959,0
2026-07-27T15:42:16Z,F346E7F692C196A7,14.23,queries/Functions/09-04_string/cast_text.sql,2,1,5,1.482655,7.037216,1.388640,0.094015,17.993835,85.975677,16.995461,0.998375,16.685120,79.570007,15.721222,0.963898,0
2026-07-27T15:42:51Z,F346E7F692C196A7,14.23,queries/Functions/09-04_string/char_length.sql,2,1,5,2.910625,14.379168,2.867136,0.043489,34.233887,170.971161,34.184319,0.049568,31.603088,158.112976,31.627472,-0.024384,0
2026-07-27T15:43:12Z,F346E7F692C196A7,14.23,queries/Functions/09-04_string/chr.sql,2,1,5,1.845698,8.810251,1.741138,0.104560,21.595398,104.206268,20.652718,0.942680,19.802002,96.188782,19.096695,0.705307,0
2026-07-27T15:43:52Z,F346E7F692C196A7,14.23,queries/Functions/09-04_string/concat_fn.sql,2,1,5,3.432522,16.703286,3.317691,0.114831,41.381470,202.704742,40.330818,1.050652,38.154846,187.833252,37.419601,0.735245,0
2026-07-27T15:44:24Z,F346E7F692C196A7,14.23,queries/Functions/09-04_string/concat_op.sql,2,1,5,2.765127,13.065050,2.574981,0.190146,31.776917,154.120392,30.585869,1.191048,29.228577,142.416290,28.296928,0.931648,0
2026-07-27T15:45:06Z,F346E7F692C196A7,14.23,queries/Functions/09-04_string/concat_ws.sql,2,1,5,3.554229,17.383368,3.457285,0.096944,42.393799,210.875336,42.120384,0.273415,39.162476,195.254547,39.023018,0.139458,0
2026-07-27T15:46:04Z,F346E7F692C196A7,14.23,queries/Functions/09-04_string/format.sql,2,1,5,4.924698,24.163054,4.809589,0.115109,59.612183,295.367188,58.938751,0.673431,55.133118,273.870148,54.684258,0.448860,0
2026-07-27T15:47:40Z,F346E7F692C196A7,14.23,queries/Functions/09-04_string/initcap.sql,2,1,5,8.087956,39.905922,7.954491,0.133465,95.885803,469.990234,93.526108,2.359695,88.523438,435.124878,86.650360,1.873077,0
2026-07-27T15:48:15Z,F346E7F692C196A7,14.23,queries/Functions/09-04_string/left.sql,2,1,5,3.023684,14.706533,2.920712,0.102971,35.173035,175.443359,35.067581,0.105453,32.331238,162.311218,32.494995,-0.163757,0
2026-07-27T15:48:50Z,F346E7F692C196A7,14.23,queries/Functions/09-04_string/length.sql,2,1,5,2.900581,14.330799,2.857554,0.043027,34.175110,170.636658,34.115387,0.059723,31.535095,157.788635,31.563385,-0.028290,0
2026-07-27T15:50:08Z,F346E7F692C196A7,14.23,queries/Functions/09-04_string/lower.sql,2,1,5,6.608335,32.591166,6.495708,0.112627,79.027405,391.531372,78.125992,0.901413,73.120972,362.924713,72.450935,0.670036,0
2026-07-27T15:51:18Z,F346E7F692C196A7,14.23,queries/Functions/09-04_string/lpad.sql,2,1,5,5.866381,29.098859,5.808120,0.058262,69.474060,343.611145,68.534271,0.939789,64.319519,317.948730,63.407303,0.912216,0
2026-07-27T15:52:12Z,F346E7F692C196A7,14.23,queries/Functions/09-04_string/ltrim.sql,2,1,5,4.574396,22.445210,4.467703,0.106692,54.847656,274.070221,54.805641,0.042015,50.685486,254.101013,50.853882,-0.168396,0
2026-07-27T15:54:15Z,F346E7F692C196A7,14.23,queries/Functions/09-04_string/md5.sql,2,1,5,10.449802,51.199200,10.187349,0.262453,121.732788,601.382233,119.912361,1.820427,112.488098,556.719360,111.057816,1.430283,0
2026-07-27T15:54:41Z,F346E7F692C196A7,14.23,queries/Functions/09-04_string/octet_length.sql,2,1,5,2.227229,10.620735,2.098377,0.128853,26.103638,125.785034,24.920349,1.183289,24.069519,116.074768,23.001312,1.068207,0
2026-07-27T15:55:35Z,F346E7F692C196A7,14.23,queries/Functions/09-04_string/overlay.sql,2,1,5,4.580812,22.385944,4.451283,0.129529,54.095520,268.370483,53.568741,0.526779,49.932983,248.546234,49.653313,0.279671,0
2026-07-27T15:56:13Z,F346E7F692C196A7,14.23,queries/Functions/09-04_string/position.sql,2,1,5,3.257137,15.778818,3.130420,0.126717,37.654541,182.200073,36.136383,1.518158,34.652649,168.096985,33.361084,1.291565,0
2026-07-27T15:57:04Z,F346E7F692C196A7,14.23,queries/Functions/09-04_string/quote_ident.sql,2,1,5,4.301243,21.057752,4.189127,0.112115,48.714294,239.722351,47.752014,0.962280,44.780640,221.094208,44.078392,0.702248,0
2026-07-27T15:57:38Z,F346E7F692C196A7,14.23,queries/Functions/09-04_string/quote_literal.sql,2,1,5,2.966585,14.404898,2.859578,0.107007,33.733459,168.274323,33.635216,0.098244,30.992432,155.330566,31.084534,-0.092102,0
2026-07-27T15:58:09Z,F346E7F692C196A7,14.23,queries/Functions/09-04_string/repeat.sql,2,1,5,2.677051,12.848291,2.542810,0.134241,31.539001,151.611755,30.018188,1.520813,29.049805,140.130371,27.770142,1.279663,0
2026-07-27T15:58:54Z,F346E7F692C196A7,14.23,queries/Functions/09-04_string/replace.sql,2,1,5,3.781232,18.416019,3.658697,0.122535,43.777527,216.615845,43.209579,0.567947,40.381470,200.206940,39.956367,0.425102,0
2026-07-27T15:59:40Z,F346E7F692C196A7,14.23,queries/Functions/09-04_string/reverse.sql,2,1,5,3.938152,19.171476,3.808331,0.129820,46.260681,226.640015,45.094833,1.165848,42.652222,209.667725,41.753876,0.898346,0
2026-07-27T16:00:26Z,F346E7F692C196A7,14.23,queries/Functions/09-04_string/right.sql,2,1,5,3.950887,19.289223,3.834584,0.116303,46.061646,226.307007,45.061340,1.000305,42.506042,209.201721,41.673920,0.832123,0
2026-07-27T16:01:40Z,F346E7F692C196A7,14.23,queries/Functions/09-04_string/rpad.sql,2,1,5,6.187825,30.492657,6.076208,0.111617,71.958923,357.608765,71.412460,0.546463,66.510193,330.705017,66.048706,0.461487,0
2026-07-27T16:02:33Z,F346E7F692C196A7,14.23,queries/Functions/09-04_string/rtrim.sql,2,1,5,4.545594,22.288524,4.435732,0.109862,54.805115,270.580780,53.943916,0.861198,50.688416,250.801758,50.028336,0.660080,0
2026-07-27T16:03:09Z,F346E7F692C196A7,14.23,queries/Functions/09-04_string/split_part.sql,2,1,5,3.066345,14.841415,2.943768,0.122577,35.621460,173.694641,34.518295,1.103165,32.778076,160.407043,31.907242,0.870834,0
2026-07-27T16:03:46Z,F346E7F692C196A7,14.23,queries/Functions/09-04_string/starts_with.sql,2,1,5,3.141818,15.208307,3.016622,0.125195,37.222168,182.250122,36.256989,0.965179,34.328674,168.587250,33.564644,0.764030,0
2026-07-27T16:04:24Z,F346E7F692C196A7,14.23,queries/Functions/09-04_string/strpos.sql,2,1,5,3.253589,15.795346,3.135439,0.118150,37.683044,185.113251,36.857552,0.825493,34.691467,170.938965,34.061874,0.629593,0
2026-07-27T16:04:59Z,F346E7F692C196A7,14.23,queries/Functions/09-04_string/substr.sql,2,1,5,3.056383,14.778718,2.930584,0.125800,36.103943,174.685547,34.645401,1.458542,33.294739,161.423492,32.032188,1.262550,0
2026-07-27T16:05:35Z,F346E7F692C196A7,14.23,queries/Functions/09-04_string/substring.sql,2,1,5,3.050591,14.777202,2.931653,0.118938,35.499573,175.940643,35.110268,0.389305,32.682129,162.706207,32.506020,0.176109,0
2026-07-27T16:05:51Z,F346E7F692C196A7,14.23,queries/Functions/09-04_string/to_hex.sql,2,1,5,1.420149,6.674535,1.313597,0.106552,16.789124,81.778900,16.247444,0.541679,15.434204,75.766693,15.083122,0.351082,0
2026-07-27T16:07:36Z,F346E7F692C196A7,14.23,queries/Functions/09-04_string/translate.sql,2,1,5,8.779950,43.586207,8.701564,0.078386,107.773926,541.163635,108.347427,-0.573502,100.059265,502.871307,100.703011,-0.643745,0
2026-07-27T16:08:30Z,F346E7F692C196A7,14.23,queries/Functions/09-04_string/trim_both.sql,2,1,5,4.599754,22.557776,4.489505,0.110249,56.050598,276.420563,55.092491,0.958107,51.899536,256.424561,51.131256,0.768280,0
2026-07-27T16:09:47Z,F346E7F692C196A7,14.23,queries/Functions/09-04_string/upper.sql,2,1,5,6.437675,32.049457,6.402945,0.034730,76.958008,385.186554,77.057137,-0.099129,71.275757,356.829529,71.388443,-0.112686,0
2026-07-27T16:10:25Z,F346E7F692C196A7,14.23,queries/Functions/09-05_binary_string/cast_bytea.sql,2,1,5,3.258899,15.699708,3.110202,0.148697,37.795044,183.797394,36.500587,1.294456,34.796997,169.738129,33.735283,1.061714,0
2026-07-27T16:11:06Z,F346E7F692C196A7,14.23,queries/Functions/09-05_binary_string/concat_bytea.sql,2,1,5,3.487252,16.967477,3.370056,0.117195,40.510864,199.524414,39.753387,0.757477,37.263428,184.386627,36.780800,0.482628,0
2026-07-27T16:13:19Z,F346E7F692C196A7,14.23,queries/Functions/09-05_binary_string/decode_hex.sql,2,1,5,11.204577,55.522126,11.079387,0.125190,130.982300,650.829773,129.961868,1.020432,121.111206,602.570953,120.364937,0.746269,0
2026-07-27T16:14:12Z,F346E7F692C196A7,14.23,queries/Functions/09-05_binary_string/encode_base64.sql,2,1,5,4.465588,21.769646,4.326014,0.139574,51.853027,252.226501,50.093369,1.759659,47.823853,232.975586,46.287933,1.535919,0
2026-07-27T16:15:02Z,F346E7F692C196A7,14.23,queries/Functions/09-05_binary_string/encode_escape.sql,2,1,5,4.282765,20.918864,4.159025,0.123740,49.780334,244.716431,48.734024,1.046310,45.913025,226.196228,45.070801,0.842224,0
2026-07-27T16:15:48Z,F346E7F692C196A7,14.23,queries/Functions/09-05_binary_string/encode_hex.sql,2,1,5,3.942847,19.219411,3.819141,0.123706,45.920898,225.295044,44.843536,1.077362,42.244080,208.171906,41.481956,0.762123,0
2026-07-27T16:16:26Z,F346E7F692C196A7,14.23,queries/Functions/09-05_binary_string/get_byte.sql,2,1,5,3.280969,15.886309,3.151335,0.129634,37.936157,185.360504,36.856087,1.080070,34.933594,171.168640,34.058762,0.874832,0
2026-07-27T16:18:39Z,F346E7F692C196A7,14.23,queries/Functions/09-05_binary_string/md5_bytea.sql,2,1,5,11.095433,55.311014,11.053895,0.041538,129.983521,647.906799,129.480820,0.502701,120.337952,599.800354,119.865601,0.472351,0
2026-07-27T16:19:18Z,F346E7F692C196A7,14.23,queries/Functions/09-05_binary_string/octet_length.sql,2,1,5,3.280097,15.859274,3.144794,0.135302,38.099731,185.195129,36.773849,1.325882,35.095459,171.068420,33.993240,1.102219,0
2026-07-27T16:19:57Z,F346E7F692C196A7,14.23,queries/Functions/09-05_binary_string/set_byte.sql,2,1,5,3.376251,16.390439,3.253547,0.122704,39.134277,192.234619,38.275085,0.859192,36.046387,177.623291,35.394226,0.652161,0
2026-07-27T16:22:17Z,F346E7F692C196A7,14.23,queries/Functions/09-05_binary_string/sha224.sql,2,1,5,11.658073,58.241421,11.645837,0.012236,138.959839,695.754791,139.198738,-0.238899,128.708069,645.198547,129.122620,-0.414551,0
2026-07-27T16:24:38Z,F346E7F692C196A7,14.23,queries/Functions/09-05_binary_string/sha256.sql,2,1,5,11.956133,58.670819,11.678671,0.277461,142.766724,692.503021,137.434074,5.332649,132.228027,641.507446,127.319855,4.908173,0
2026-07-27T16:27:17Z,F346E7F692C196A7,14.23,queries/Functions/09-05_binary_string/sha384.sql,2,1,5,13.352388,66.455951,13.275891,0.076497,157.083618,779.688263,155.651161,1.432457,145.500366,722.163025,144.165665,1.334702,0
2026-07-27T16:29:59Z,F346E7F692C196A7,14.23,queries/Functions/09-05_binary_string/sha512.sql,2,1,5,13.364623,67.159268,13.448661,-0.084038,156.836670,800.532471,160.923950,-4.087280,145.113831,742.192383,149.269638,-4.155807,0
2026-07-27T16:30:39Z,F346E7F692C196A7,14.23,queries/Functions/09-05_binary_string/substring_bytea.sql,2,1,5,3.469914,16.875425,3.351378,0.118536,40.687866,199.110138,39.605568,1.082298,37.512512,184.031677,36.629791,0.882721,0
2026-07-27T16:31:02Z,F346E7F692C196A7,14.23,queries/Functions/09-06_bit_string/and.sql,2,1,5,1.987492,9.482019,1.873632,0.113860,22.922180,113.267029,22.586212,0.335968,21.097961,104.607880,20.877480,0.220482,0
2026-07-27T16:31:18Z,F346E7F692C196A7,14.23,queries/Functions/09-06_bit_string/bit_count.sql,2,1,5,1.449599,6.760299,1.327675,0.121924,16.967957,81.647949,16.169998,0.797958,15.625793,75.614014,14.997055,0.628738,0
2026-07-27T16:31:34Z,F346E7F692C196A7,14.23,queries/Functions/09-06_bit_string/cast_bit.sql,2,1,5,1.317029,6.214401,1.224343,0.092686,15.851807,76.049194,15.049347,0.802460,14.658508,70.352844,13.923584,0.734924,0
2026-07-27T16:31:58Z,F346E7F692C196A7,14.23,queries/Functions/09-06_bit_string/concat_bit.sql,2,1,5,2.104667,10.313416,2.052187,0.052480,25.013184,122.691650,24.419617,0.593567,23.057190,113.334229,22.569260,0.487930,0
2026-07-27T16:32:14Z,F346E7F692C196A7,14.23,queries/Functions/09-06_bit_string/get_bit.sql,2,1,5,1.350744,6.497205,1.286615,0.064129,16.331970,77.830017,15.374512,0.957458,15.061218,71.901978,14.210190,0.851028,0
2026-07-27T16:32:30Z,F346E7F692C196A7,14.23,queries/Functions/09-06_bit_string/length_bit.sql,2,1,5,1.377970,6.337880,1.239978,0.137993,16.206665,76.066498,14.964958,1.241707,14.936523,70.362457,13.856483,1.080040,0
2026-07-27T16:32:46Z,F346E7F692C196A7,14.23,queries/Functions/09-06_bit_string/not.sql,2,1,5,1.473781,6.962864,1.372271,0.101510,17.794373,85.047546,16.813293,0.981079,16.493774,78.802582,15.577202,0.916573,0
2026-07-27T16:33:09Z,F346E7F692C196A7,14.23,queries/Functions/09-06_bit_string/or.sql,2,1,5,1.987925,9.482483,1.873640,0.114286,22.988281,112.512207,22.380981,0.607300,21.157532,103.897552,20.685005,0.472527,0
2026-07-27T16:33:35Z,F346E7F692C196A7,14.23,queries/Functions/09-06_bit_string/overlay_bit.sql,2,1,5,2.165212,10.497985,2.083193,0.082019,26.079651,128.058197,25.494637,0.585014,24.172180,118.808411,23.659058,0.513123,0
2026-07-27T16:33:52Z,F346E7F692C196A7,14.23,queries/Functions/09-06_bit_string/set_bit.sql,2,1,5,1.545082,7.102322,1.389310,0.155772,18.412598,86.334839,16.980560,1.432037,16.972473,79.913574,15.735275,1.237198,0
2026-07-27T16:34:10Z,F346E7F692C196A7,14.23,queries/Functions/09-06_bit_string/shift_left.sql,2,1,5,1.576178,7.345270,1.442273,0.133905,18.690613,88.712463,17.505463,1.185150,17.252075,82.084473,16.208099,1.043976,0
2026-07-27T16:34:28Z,F346E7F692C196A7,14.23,queries/Functions/09-06_bit_string/shift_right.sql,2,1,5,1.604617,7.424120,1.454876,0.149741,18.875549,89.541565,17.666504,1.209045,17.419067,82.931427,16.378090,1.040977,0
2026-07-27T16:34:45Z,F346E7F692C196A7,14.23,queries/Functions/09-06_bit_string/substring_bit.sql,2,1,5,1.618542,7.196410,1.394467,0.224075,18.716858,88.107117,17.347565,1.369293,17.194153,81.662842,16.117172,1.076981,0
2026-07-27T16:35:08Z,F346E7F692C196A7,14.23,queries/Functions/09-06_bit_string/xor.sql,2,1,5,2.035322,9.454267,1.854736,0.180586,23.071838,112.699524,22.406921,0.664917,21.161682,104.089935,20.732063,0.429619,0
2026-07-27T16:36:57Z,F346E7F692C196A7,14.23,queries/Functions/09-07_pattern_matching/ilike.sql,2,1,5,9.131934,45.190895,9.014740,0.117194,109.501770,540.813812,107.828011,1.673759,101.378418,501.306824,99.982101,1.396317,0
2026-07-27T16:37:32Z,F346E7F692C196A7,14.23,queries/Functions/09-07_pattern_matching/like.sql,2,1,5,3.050296,14.780581,2.932571,0.117725,34.552795,170.398193,33.961349,0.591446,31.731812,157.202484,31.367668,0.364143,0
2026-07-27T16:38:00Z,F346E7F692C196A7,14.23,queries/Functions/09-07_pattern_matching/like_prefix.sql,2,1,5,2.398136,11.513214,2.278770,0.119366,28.012817,136.435822,27.105751,0.907066,25.818726,125.951569,25.033211,0.785515,0
2026-07-27T16:39:49Z,F346E7F692C196A7,14.23,queries/Functions/09-07_pattern_matching/not_ilike.sql,2,1,5,9.137497,45.236245,9.024687,0.112809,109.379395,543.828125,108.612183,0.767212,101.257141,504.094574,100.709358,0.547783,0
2026-07-27T16:40:25Z,F346E7F692C196A7,14.23,queries/Functions/09-07_pattern_matching/not_like.sql,2,1,5,3.065883,14.859465,2.948396,0.117487,35.252686,170.299042,33.761589,1.491096,32.427734,156.944031,31.129074,1.298660,0
2026-07-27T16:42:56Z,F346E7F692C196A7,14.23,queries/Functions/09-07_pattern_matching/regex_alternation.sql,2,1,5,12.646227,62.877208,12.557745,0.088481,146.156372,719.914886,143.439629,2.716743,135.077087,665.246246,132.542290,2.534798,0
2026-07-27T16:43:56Z,F346E7F692C196A7,14.23,queries/Functions/09-07_pattern_matching/regex_anchored.sql,2,1,5,5.074250,24.853809,4.944890,0.129360,60.498291,296.797729,59.074860,1.423431,55.993835,274.944000,54.737541,1.256294,0
2026-07-27T16:46:40Z,F346E7F692C196A7,14.23,queries/Functions/09-07_pattern_matching/regex_backtrack.sql,2,1,5,13.851986,68.557226,13.676310,0.175676,162.117249,806.870941,161.188423,0.928825,149.964783,747.263519,149.324684,0.640099,0
2026-07-27T16:47:54Z,F346E7F692C196A7,14.23,queries/Functions/09-07_pattern_matching/regex_charclass.sql,2,1,5,6.167792,30.670423,6.125658,0.042134,71.475647,357.433960,71.489578,-0.013931,66.081177,330.276398,66.048805,0.032372,0
2026-07-27T16:49:34Z,F346E7F692C196A7,14.23,queries/Functions/09-07_pattern_matching/regex_match.sql,2,1,5,8.454170,41.467412,8.253311,0.200859,98.714355,485.997772,96.820854,1.893501,91.264465,449.678619,89.603539,1.660927,0
2026-07-27T16:51:14Z,F346E7F692C196A7,14.23,queries/Functions/09-07_pattern_matching/regex_match_ci.sql,2,1,5,8.397930,41.510290,8.278090,0.119840,98.253052,486.889923,97.159218,1.093834,90.640076,450.393311,89.938309,0.701767,0
2026-07-27T16:52:53Z,F346E7F692C196A7,14.23,queries/Functions/09-07_pattern_matching/regex_not_match.sql,2,1,5,8.398303,41.420652,8.255587,0.142716,97.986694,485.340698,96.838501,1.148193,90.515015,449.068237,89.638306,0.876709,0
2026-07-27T16:54:33Z,F346E7F692C196A7,14.23,queries/Functions/09-07_pattern_matching/regex_not_match_ci.sql,2,1,5,8.402501,41.489207,8.271677,0.130824,98.138794,486.629974,97.122795,1.015999,90.604736,450.301697,89.924240,0.680496,0
2026-07-27T16:56:40Z,F346E7F692C196A7,14.23,queries/Functions/09-07_pattern_matching/regexp_match.sql,2,1,5,10.699656,52.859229,10.539893,0.159763,124.793762,620.563263,123.942375,0.851387,115.254761,574.502716,114.811989,0.442772,0
2026-07-27T16:58:45Z,F346E7F692C196A7,14.23,queries/Functions/09-07_pattern_matching/regexp_replace.sql,2,1,5,10.520601,51.953481,10.358220,0.162381,123.904175,613.592499,122.422081,1.482094,114.688660,568.447601,113.439735,1.248924,0
2026-07-27T17:01:10Z,F346E7F692C196A7,14.23,queries/Functions/09-07_pattern_matching/regexp_replace_global.sql,2,1,5,12.186126,60.426049,12.059981,0.126146,142.444092,716.199249,143.438789,-0.994698,131.759277,663.368744,132.902367,-1.143089,0
2026-07-27T17:07:22Z,F346E7F692C196A7,14.23,queries/Functions/09-07_pattern_matching/regexp_split_to_array.sql,2,1,5,31.068534,154.938343,30.967452,0.101082,367.488464,1846.795624,369.826790,-2.338326,340.754211,-129358.398163,-32424.788094,32765.542305,0
2026-07-27T17:09:11Z,F346E7F692C196A7,14.23,queries/Functions/09-07_pattern_matching/similar_to.sql,2,1,5,9.088069,45.011634,8.980891,0.107178,106.143066,525.833893,104.922707,1.220360,98.151245,486.695068,97.135956,1.015289,0
2026-07-27T17:11:11Z,F346E7F692C196A7,14.23,queries/Functions/09-07_pattern_matching/substring_regex.sql,2,1,5,10.073439,50.059356,9.996479,0.076959,117.960693,588.579987,117.654823,0.305870,109.106934,544.866943,108.940002,0.166931,0
2026-07-27T17:12:26Z,F346E7F692C196A7,14.23,queries/Functions/09-08_formatting/to_char_date.sql,2,1,5,6.322963,31.120792,6.199457,0.123505,73.892395,363.925385,72.508247,1.384148,68.166077,336.730194,67.141029,1.025047,0
2026-07-27T17:13:46Z,F346E7F692C196A7,14.23,queries/Functions/09-08_formatting/to_char_date_long.sql,2,1,5,6.729055,33.174777,6.611430,0.117625,78.499939,388.968292,77.617088,0.882851,72.525208,359.966736,71.860382,0.664825,0
2026-07-27T17:14:16Z,F346E7F692C196A7,14.23,queries/Functions/09-08_formatting/to_char_int.sql,2,1,5,2.645077,12.668213,2.505784,0.139293,31.919373,158.159790,31.560104,0.359268,29.507019,146.972992,29.366493,0.140526,0
2026-07-27T17:15:13Z,F346E7F692C196A7,14.23,queries/Functions/09-08_formatting/to_char_numeric.sql,2,1,5,4.792571,23.494969,4.675600,0.116971,57.224365,281.570923,56.086639,1.137726,52.793213,260.798798,52.001396,0.791817,0
2026-07-27T17:16:43Z,F346E7F692C196A7,14.23,queries/Functions/09-08_formatting/to_char_timestamp.sql,2,1,5,7.571652,37.528787,7.489284,0.082368,88.091553,440.445862,88.088577,0.002975,81.405212,407.654175,81.562241,-0.157028,0
2026-07-27T17:18:31Z,F346E7F692C196A7,14.23,queries/Functions/09-08_formatting/to_date.sql,2,1,5,9.042174,44.648674,8.901625,0.140549,108.006714,534.071655,106.516235,1.490479,100.042542,495.028381,98.746460,1.296082,0
2026-07-27T17:20:13Z,F346E7F692C196A7,14.23,queries/Functions/09-08_formatting/to_number.sql,2,1,5,8.562195,42.783067,8.555218,0.006977,101.368164,508.226929,101.714691,-0.346527,93.812378,470.778168,94.241447,-0.429070,0
2026-07-27T17:20:26Z,F346E7F692C196A7,14.23,queries/Functions/09-08_formatting/to_timestamp.sql,2,1,5,1.134120,5.073382,0.984816,0.149304,13.445007,61.991760,12.136688,1.308319,12.385742,57.429535,11.260948,1.124794,0
2026-07-27T17:21:18Z,F346E7F692C196A7,14.23,queries/Functions/09-09_datetime/age_two_args.sql,2,1,5,4.431460,21.805359,4.343475,0.087985,51.559265,250.486145,49.731720,1.827545,47.570374,231.143951,45.893394,1.676979,0
2026-07-27T17:21:48Z,F346E7F692C196A7,14.23,queries/Functions/09-09_datetime/at_time_zone.sql,2,1,5,2.583960,12.204182,2.405055,0.178905,30.020752,146.484375,29.115906,0.904846,27.564209,135.345306,26.945274,0.618935,0
2026-07-27T17:22:09Z,F346E7F692C196A7,14.23,queries/Functions/09-09_datetime/cast_timestamp.sql,2,1,5,1.884945,8.920991,1.759011,0.125934,21.740662,105.823120,21.020615,0.720047,19.945679,97.607666,19.415497,0.530182,0
2026-07-27T17:22:31Z,F346E7F692C196A7,14.23,queries/Functions/09-09_datetime/date_add_time.sql,2,1,5,1.909388,9.053983,1.786149,0.123240,22.025391,106.927185,21.225449,0.799942,20.249817,98.627106,19.594322,0.655495,0
2026-07-27T17:22:55Z,F346E7F692C196A7,14.23,queries/Functions/09-09_datetime/date_bin.sql,2,1,5,2.058445,9.836008,1.944391,0.114054,23.678650,115.280243,22.900398,0.778252,21.754028,106.281281,21.131813,0.622215,0
2026-07-27T17:23:18Z,F346E7F692C196A7,14.23,queries/Functions/09-09_datetime/date_minus_date.sql,2,1,5,2.025554,9.619901,1.898587,0.126967,23.418884,113.785156,22.591568,0.827316,21.563110,104.960358,20.849312,0.713799,0
2026-07-27T17:23:40Z,F346E7F692C196A7,14.23,queries/Functions/09-09_datetime/date_minus_int.sql,2,1,5,1.894367,9.049882,1.788879,0.105488,22.173767,106.830872,21.164276,1.009491,20.429260,98.557770,19.532127,0.897133,0
2026-07-27T17:24:11Z,F346E7F692C196A7,14.23,queries/Functions/09-09_datetime/date_part.sql,2,1,5,2.647295,12.772718,2.531356,0.115939,31.020386,151.472137,30.112938,0.907448,28.560669,139.998169,27.859375,0.701294,0
2026-07-27T17:24:33Z,F346E7F692C196A7,14.23,queries/Functions/09-09_datetime/date_plus_int.sql,2,1,5,1.897783,9.050043,1.788065,0.109718,22.120422,106.949890,21.207367,0.913055,20.300354,98.708160,19.601952,0.698402,0
2026-07-27T17:25:01Z,F346E7F692C196A7,14.23,queries/Functions/09-09_datetime/date_plus_interval.sql,2,1,5,2.386535,11.468707,2.270543,0.115992,27.688354,135.378784,26.922607,0.765747,25.483459,125.021759,24.884575,0.598885,0
2026-07-27T17:25:33Z,F346E7F692C196A7,14.23,queries/Functions/09-09_datetime/date_trunc_day.sql,2,1,5,2.686259,13.208429,2.630543,0.055717,31.949951,156.241516,31.072891,0.877060,29.426575,144.396149,28.742393,0.684181,0
2026-07-27T17:26:05Z,F346E7F692C196A7,14.23,queries/Functions/09-09_datetime/date_trunc_month.sql,2,1,5,2.770232,13.255630,2.621350,0.148883,32.064758,157.520325,31.363892,0.700867,29.475647,145.694977,29.054832,0.420815,0
2026-07-27T17:26:38Z,F346E7F692C196A7,14.23,queries/Functions/09-09_datetime/extract_day.sql,2,1,5,2.876903,13.917673,2.760192,0.116711,34.066833,166.154419,33.021896,1.044937,31.416809,153.694458,30.569412,0.847397,0
2026-07-27T17:27:16Z,F346E7F692C196A7,14.23,queries/Functions/09-09_datetime/extract_dow.sql,2,1,5,3.150310,15.546386,3.099019,0.051291,37.833801,186.126770,37.073242,0.760559,34.998474,172.199158,34.300171,0.698303,0
2026-07-27T17:27:54Z,F346E7F692C196A7,14.23,queries/Functions/09-09_datetime/extract_doy.sql,2,1,5,3.282181,15.977135,3.173738,0.108442,38.642517,189.780212,37.784424,0.858093,35.640198,175.534180,34.973495,0.666702,0
2026-07-27T17:28:30Z,F346E7F692C196A7,14.23,queries/Functions/09-09_datetime/extract_epoch.sql,2,1,5,3.014080,14.603142,2.897266,0.116814,35.710388,175.005585,34.823799,0.886589,32.946045,161.937714,32.247917,0.698128,0
2026-07-27T17:29:03Z,F346E7F692C196A7,14.23,queries/Functions/09-09_datetime/extract_month.sql,2,1,5,2.884392,13.986170,2.775444,0.108948,34.081848,167.177704,33.273964,0.807884,31.425171,154.639526,30.803589,0.621582,0
2026-07-27T17:29:38Z,F346E7F692C196A7,14.23,queries/Functions/09-09_datetime/extract_quarter.sql,2,1,5,2.941081,14.261060,2.829995,0.111086,34.659607,170.792236,34.033157,0.626450,31.949219,158.022430,31.518303,0.430916,0
2026-07-27T17:30:13Z,F346E7F692C196A7,14.23,queries/Functions/09-09_datetime/extract_week.sql,2,1,5,3.035095,14.711879,2.919196,0.115900,36.051758,175.314728,34.815742,1.236015,33.253662,162.079773,32.206528,1.047134,0
2026-07-27T17:30:47Z,F346E7F692C196A7,14.23,queries/Functions/09-09_datetime/extract_year.sql,2,1,5,2.853740,14.021392,2.791913,0.061826,34.314697,167.490295,33.293900,1.020798,31.738586,154.904114,30.791382,0.947205,0
2026-07-27T17:31:09Z,F346E7F692C196A7,14.23,queries/Functions/09-09_datetime/isfinite.sql,2,1,5,1.875822,8.890717,1.753724,0.122098,21.985962,104.779083,20.698280,1.287682,20.197876,96.598480,19.100151,1.097725,0
2026-07-27T17:32:03Z,F346E7F692C196A7,14.23,queries/Functions/09-09_datetime/justify_days.sql,2,1,5,4.594512,22.392207,4.449424,0.145088,52.406738,261.866608,52.364967,0.041771,48.318848,241.930481,48.402908,-0.084061,0
2026-07-27T17:32:22Z,F346E7F692C196A7,14.23,queries/Functions/09-09_datetime/make_date.sql,2,1,5,1.679750,7.955001,1.568813,0.110937,19.556702,95.214630,18.914482,0.642220,17.935852,87.848785,17.478233,0.457619,0
2026-07-27T17:32:42Z,F346E7F692C196A7,14.23,queries/Functions/09-09_datetime/make_interval.sql,2,1,5,1.730356,8.155630,1.606319,0.124037,20.160767,97.240295,19.269882,0.890884,18.429443,89.680359,17.812729,0.616714,0
2026-07-27T17:33:03Z,F346E7F692C196A7,14.23,queries/Functions/09-09_datetime/make_timestamp.sql,2,1,5,1.791693,8.733150,1.735364,0.056328,21.201843,103.432281,20.557610,0.644234,19.594360,95.396637,18.950569,0.643791,0
2026-07-27T17:33:43Z,F346E7F692C196A7,14.23,queries/Functions/09-09_datetime/overlaps.sql,2,1,5,3.358491,16.521549,3.290764,0.067727,39.585571,193.811401,38.556458,1.029114,36.501221,178.898529,35.599327,0.901894,0
2026-07-27T17:34:39Z,F346E7F692C196A7,14.23,queries/Functions/09-11_geometric/box_area.sql,2,1,5,4.747825,23.289014,4.635297,0.112528,54.952942,270.363861,53.852730,1.100212,50.648743,249.713989,49.766312,0.882431,0
2026-07-27T17:35:36Z,F346E7F692C196A7,14.23,queries/Functions/09-11_geometric/box_center.sql,2,1,5,4.801942,23.795311,4.748342,0.053600,55.846436,276.612091,55.191414,0.655022,51.578308,255.516205,50.984474,0.593834,0
2026-07-27T17:36:32Z,F346E7F692C196A7,14.23,queries/Functions/09-11_geometric/box_contains_point.sql,2,1,5,4.707655,23.293911,4.646564,0.061091,54.781738,272.854309,54.518143,0.263596,50.485046,252.172699,50.421913,0.063133,0
2026-07-27T17:37:28Z,F346E7F692C196A7,14.23,queries/Functions/09-11_geometric/box_make.sql,2,1,5,4.704991,23.161759,4.614192,0.090799,54.440247,270.066315,53.906517,0.533730,50.175171,249.536133,49.840240,0.334930,0
2026-07-27T17:38:24Z,F346E7F692C196A7,14.23,queries/Functions/09-11_geometric/box_overlaps.sql,2,1,5,4.739019,23.250778,4.627940,0.111079,54.950378,270.332031,53.845413,1.104965,50.621704,249.755737,49.783508,0.838196,0
2026-07-27T17:39:26Z,F346E7F692C196A7,14.23,queries/Functions/09-11_geometric/circle_area.sql,2,1,5,5.281897,25.872427,5.147632,0.134265,61.262207,302.526184,60.315994,0.946213,56.641907,279.762817,55.780228,0.861679,0
2026-07-27T17:40:28Z,F346E7F692C196A7,14.23,queries/Functions/09-11_geometric/circle_make.sql,2,1,5,5.196157,25.758570,5.140603,0.055554,60.336365,299.323303,59.746735,0.589630,55.749939,276.677673,55.231934,0.518005,0
2026-07-27T17:41:31Z,F346E7F692C196A7,14.23,queries/Functions/09-11_geometric/lseg_length.sql,2,1,5,5.323077,26.142017,5.204735,0.118342,61.782837,304.833374,60.762634,1.020203,57.141418,281.836243,56.173706,0.967712,0
2026-07-27T17:42:34Z,F346E7F692C196A7,14.23,queries/Functions/09-11_geometric/lseg_make.sql,2,1,5,5.257888,25.758555,5.125167,0.132722,60.958862,299.833832,59.718742,1.240120,56.356079,277.279572,55.230873,1.125206,0
2026-07-27T17:43:36Z,F346E7F692C196A7,14.23,queries/Functions/09-11_geometric/point_add.sql,2,1,5,5.276223,25.899654,5.155858,0.120365,61.244568,302.437256,60.298172,0.946396,56.554565,279.680634,55.781517,0.773048,0
2026-07-27T17:44:38Z,F346E7F692C196A7,14.23,queries/Functions/09-11_geometric/point_distance.sql,2,1,5,5.318589,25.835227,5.129159,0.189430,60.040955,295.388031,58.836769,1.204185,55.266541,272.761139,54.373650,0.892891,0
2026-07-27T17:45:38Z,F346E7F692C196A7,14.23,queries/Functions/09-11_geometric/point_make.sql,2,1,5,5.110068,25.050877,4.985202,0.124865,58.654724,292.269440,58.403679,0.251045,54.116028,270.070160,53.988533,0.127495,0
2026-07-27T17:46:41Z,F346E7F692C196A7,14.23,queries/Functions/09-11_geometric/point_mul.sql,2,1,5,5.307198,26.052873,5.186419,0.120779,60.242493,304.888245,61.161438,-0.918945,55.592773,281.809021,56.554062,-0.961288,0
2026-07-27T17:47:28Z,F346E7F692C196A7,14.23,queries/Functions/09-12_network/abbrev.sql,2,1,5,3.965699,19.262875,3.824294,0.141405,46.027344,226.407867,45.095131,0.932213,42.521790,209.296234,41.693611,0.828178,0
2026-07-27T17:47:47Z,F346E7F692C196A7,14.23,queries/Functions/09-12_network/broadcast.sql,2,1,5,1.689780,8.013390,1.580903,0.108877,20.417236,96.413757,18.999130,1.418106,18.921875,89.141693,17.554955,1.366920,0
2026-07-27T17:48:05Z,F346E7F692C196A7,14.23,queries/Functions/09-12_network/contained_by.sql,2,1,5,1.636386,7.556994,1.480152,0.156234,19.246094,91.056702,17.952652,1.293442,17.741272,84.192627,16.612839,1.128433,0
2026-07-27T17:48:24Z,F346E7F692C196A7,14.23,queries/Functions/09-12_network/contained_by_eq.sql,2,1,5,1.635288,7.563920,1.482158,0.153131,19.133789,91.006622,17.968208,1.165581,17.651367,84.156189,16.626205,1.025162,0
2026-07-27T17:48:42Z,F346E7F692C196A7,14.23,queries/Functions/09-12_network/contains.sql,2,1,5,1.637184,7.548692,1.477877,0.159307,19.207642,91.043365,17.958931,1.248711,17.653137,84.197815,16.636169,1.016968,0
2026-07-27T17:49:00Z,F346E7F692C196A7,14.23,queries/Functions/09-12_network/family.sql,2,1,5,1.554490,7.139069,1.396145,0.158346,18.226807,85.749756,16.880737,1.346069,16.725159,79.293915,15.642189,1.082970,0
2026-07-27T17:49:47Z,F346E7F692C196A7,14.23,queries/Functions/09-12_network/host.sql,2,1,5,4.018136,19.460324,3.860547,0.157589,46.599609,225.793945,44.798584,1.801025,42.887817,208.604858,41.429260,1.458557,0
2026-07-27T17:49:58Z,F346E7F692C196A7,14.23,queries/Functions/09-12_network/hostmask.sql,2,1,5,1.033648,4.553941,0.880073,0.153575,12.304077,55.950928,10.911713,1.392365,11.269287,51.829315,10.140007,1.129280,0
2026-07-27T17:50:18Z,F346E7F692C196A7,14.23,queries/Functions/09-12_network/inet_add.sql,2,1,5,1.706548,8.175665,1.617279,0.089268,20.410889,97.839050,19.357040,1.053848,18.923645,90.471466,17.886955,1.036690,0
2026-07-27T17:50:35Z,F346E7F692C196A7,14.23,queries/Functions/09-12_network/inet_cast.sql,2,1,5,1.545954,7.052769,1.376704,0.169250,18.168030,84.967316,16.699821,1.468208,16.755615,78.548767,15.448288,1.307327,0
2026-07-27T17:50:53Z,F346E7F692C196A7,14.23,queries/Functions/09-12_network/inet_sub_inet.sql,2,1,5,1.645460,7.613009,1.491887,0.153573,19.258240,91.015533,17.939323,1.318916,17.748962,84.207367,16.614601,1.134361,0
2026-07-27T17:51:14Z,F346E7F692C196A7,14.23,queries/Functions/09-12_network/inet_sub_int.sql,2,1,5,1.783064,8.292563,1.627375,0.155690,20.923523,99.576782,19.663315,1.260208,19.256714,92.110046,18.213333,1.043381,0
2026-07-27T17:51:31Z,F346E7F692C196A7,14.23,queries/Functions/09-12_network/macaddr_cast.sql,2,1,5,1.513509,6.946674,1.358291,0.155217,17.796814,83.969055,16.543060,1.253754,16.354065,77.641418,15.321838,1.032227,0
2026-07-27T17:51:48Z,F346E7F692C196A7,14.23,queries/Functions/09-12_network/masklen.sql,2,1,5,1.551276,7.108262,1.389247,0.162029,18.152039,85.181000,16.757240,1.394798,16.709656,78.797668,15.522003,1.187653,0
2026-07-27T17:51:59Z,F346E7F692C196A7,14.23,queries/Functions/09-12_network/netmask.sql,2,1,5,1.038467,4.570122,0.882914,0.155553,12.242798,56.820953,11.144539,1.098259,11.269287,52.597046,10.331940,0.937347,0
2026-07-27T17:52:19Z,F346E7F692C196A7,14.23,queries/Functions/09-12_network/network.sql,2,1,5,1.765221,8.175223,1.602501,0.162721,21.008423,97.967682,19.239815,1.768608,19.336609,90.626953,17.822586,1.514023,0
2026-07-27T17:52:37Z,F346E7F692C196A7,14.23,queries/Functions/09-12_network/overlaps.sql,2,1,5,1.589865,7.585027,1.498791,0.091075,18.996887,90.958282,17.990349,1.006538,17.608337,84.090332,16.620499,0.987839,0
2026-07-27T17:52:57Z,F346E7F692C196A7,14.23,queries/Functions/09-12_network/set_masklen.sql,2,1,5,1.734547,8.069896,1.583837,0.150709,20.227478,97.021271,19.198448,1.029030,18.662964,89.698456,17.758873,0.904091,0
2026-07-27T17:56:51Z,F346E7F692C196A7,14.23,queries/Functions/09-13_text_search/length_tsvector.sql,2,1,5,18.915794,98.675928,19.940033,-1.024239,461.362061,2166.630493,426.317108,35.044952,443.809204,2075.555115,407.936478,35.872726,0
2026-07-27T18:00:51Z,F346E7F692C196A7,14.23,queries/Functions/09-13_text_search/match.sql,2,1,5,20.106228,100.215953,20.027431,0.078796,441.183838,2199.314941,439.532776,1.651062,422.774292,2107.341919,421.141907,1.632385,0
2026-07-27T18:05:02Z,F346E7F692C196A7,14.23,queries/Functions/09-13_text_search/numnode.sql,2,1,5,20.957311,104.552960,20.898912,0.058399,460.936829,2294.073853,458.284256,2.652573,441.505981,2197.699310,439.048332,2.457649,0
2026-07-27T18:09:13Z,F346E7F692C196A7,14.23,queries/Functions/09-13_text_search/phraseto_tsquery.sql,2,1,5,20.906174,104.558889,20.913179,-0.007005,459.775757,2294.639984,458.716057,1.059700,440.504211,2196.824738,439.080132,1.424080,0
2026-07-27T18:13:26Z,F346E7F692C196A7,14.23,queries/Functions/09-13_text_search/plainto_tsquery.sql,2,1,5,21.045666,105.256313,21.052662,-0.006995,461.803040,2309.914429,462.027847,-0.224808,441.933655,2210.791718,442.214516,-0.280861,0
2026-07-27T18:17:27Z,F346E7F692C196A7,14.23,queries/Functions/09-13_text_search/setweight.sql,2,1,5,20.137282,100.469137,20.082964,0.054318,441.908997,2204.877106,440.742027,1.166969,423.091187,2111.921112,422.207481,0.883705,0
2026-07-27T18:21:30Z,F346E7F692C196A7,14.23,queries/Functions/09-13_text_search/strip.sql,2,1,5,20.288399,100.890502,20.150526,0.137873,445.210327,2214.088867,442.219635,2.990692,426.221008,2120.618683,423.599419,2.621590,0
2026-07-27T18:21:41Z,F346E7F692C196A7,14.23,queries/Functions/09-13_text_search/to_tsquery.sql,2,1,5,1.081842,4.659936,0.894524,0.187318,12.403931,59.392242,11.747078,0.656853,11.328369,54.962006,10.908409,0.419960,0
