kind,rank,variants,queries,cheapest,most expensive,energy min (J),energy max (J),ratio,page
same_plan,1,2,3,16132,29082,0.619049072265625,2.09075927734375,3.377372442691644,same_plan/01.html
same_plan,2,4,6,17461,17863,10.82769775390625,29.473815917968754,2.7220759747690266,same_plan/02.html
same_plan,3,2,2,18987,28977,0.59747314453125,1.1014404296875,1.8434978036571663,same_plan/03.html
same_plan,4,6,8,18877,13642,4.7769775390625,7.883056640625,1.65021848567705,same_plan/04.html
same_plan,5,22,43,16696,11049,4.9844970703125,8.08697509765625,1.6224254891876668,same_plan/05.html
same_plan,6,5,7,19155,10228,5.65570068359375,9.026611328125,1.5960199864023397,same_plan/06.html
same_plan,7,4,6,17158,10090,5.571075439453125,8.43365478515625,1.513828860659644,same_plan/07.html
same_plan,8,15,67,18592,16367,33.6549072265625,50.75457763671875,1.5080884726569725,same_plan/08.html
same_plan,9,8,34,17862,14477,3.7026977539062496,5.5150146484375,1.4894585016071873,same_plan/09.html
same_plan,10,7,32,15003,16046,3.546905517578125,5.26788330078125,1.485205420520542,same_plan/10.html
same_plan,11,3,3,11321,13903,2.3914794921875,3.48443603515625,1.4570210811086723,same_plan/11.html
same_plan,12,2,3,18827,16240,1.51495361328125,2.1978759765625,1.4507876394988115,same_plan/12.html
same_plan,13,2,2,11863,14184,5.4154052734375,7.83453369140625,1.4467123503820751,same_plan/13.html
same_plan,14,4,4,14342,13377,5.56024169921875,8.01275634765625,1.4410805826628175,same_plan/14.html
same_plan,15,12,27,12784,13071,5.64276123046875,8.04388427734375,1.425522709327103,same_plan/15.html
same_plan,16,3,4,18695,17877,6.55572509765625,9.317138671875,1.4212216853336312,same_plan/16.html
same_plan,17,2,2,16850,11845,5.63616943359375,7.91107177734375,1.4036256132029499,same_plan/17.html
same_plan,18,2,2,15305,13444,5.6138916015625,7.741943359375,1.3790689077822957,same_plan/18.html
same_plan,19,7,18,19661,18275,34.65179443359375,46.70654296875,1.3478823746994637,same_plan/19.html
same_plan,20,2,3,17756,15954,34.43499755859375,45.738433837890625,1.328254307556236,same_plan/20.html
same_plan_shape,1,35,47,11504,10324,0.486083984375,40.97222900390625,84.29043194374687,same_plan_shape/01.html
same_plan_shape,2,2,2,28628,29724,1.76654052734375,105.18170166015624,59.54106346957813,same_plan_shape/02.html
same_plan_shape,3,8,8,14417,10616,0.5755615234375,32.7254638671875,56.85832449628844,same_plan_shape/03.html
same_plan_shape,4,2,2,25619,25363,0.45550537109375,22.5389404296875,49.481173790700794,same_plan_shape/04.html
same_plan_shape,5,7,7,26744,12506,0.81396484375,38.52453613281249,47.329484103179354,same_plan_shape/05.html
same_plan_shape,6,50,68,12981,11646,0.9014892578125,41.44860839843751,45.977928232904546,same_plan_shape/06.html
same_plan_shape,7,12,12,26270,25070,0.595703125,25.4095458984375,42.654713114754095,same_plan_shape/07.html
same_plan_shape,8,2,2,7408,11887,0.544921875,18.463623046875,33.88306451612903,same_plan_shape/08.html
same_plan_shape,9,2,2,29222,27828,3.1102294921875,91.07220458984376,29.281506338553324,same_plan_shape/09.html
same_plan_shape,10,2,2,27240,26970,1.70782470703125,45.71075439453125,26.76548372109646,same_plan_shape/10.html
same_plan_shape,11,7,7,29217,27093,2.13189697265625,54.79736328125,25.703570099344386,same_plan_shape/11.html
same_plan_shape,12,2,2,14211,11418,0.48651123046875,12.31103515625,25.30472964496299,same_plan_shape/12.html
same_plan_shape,13,7,7,27184,28416,2.05889892578125,51.95330810546875,25.23353985711321,same_plan_shape/13.html
same_plan_shape,14,7,12,10100,11629,1.36773681640625,32.60882568359375,23.841447632647597,same_plan_shape/14.html
same_plan_shape,15,82,190,10359,12442,1.8494873046875,42.38806152343751,22.918817239786158,same_plan_shape/15.html
same_plan_shape,16,9,9,25129,27475,1.68060302734375,37.65478515625,22.405520246958417,same_plan_shape/16.html
same_plan_shape,17,19,37,11755,13924,0.6304931640625,13.75372314453125,21.814230396902225,same_plan_shape/17.html
same_plan_shape,18,5,5,26702,27519,3.3662109375,71.27789306640625,21.174517696547724,same_plan_shape/18.html
same_plan_shape,19,5,5,15944,11546,0.391845703125,8.22900390625,21.0006230529595,same_plan_shape/19.html
same_plan_shape,20,20,34,14391,10243,0.9136962890625,18.687927246093754,20.453106212424853,same_plan_shape/20.html
same_output,1,2,16,15089,18293,0.52618408203125,10.11981201171875,19.23245563159726,same_output/01.html
same_output,2,6,17,12180,13981,9.84576416015625,103.86309814453125,10.549013408714735,same_output/02.html
same_output,3,4,13,12259,13820,10.49365234375,106.6876220703125,10.166872179051696,same_output/03.html
same_output,4,15,17,11545,10661,10.74371337890625,109.0120849609375,10.146592813520806,same_output/04.html
same_output,5,22,46,13415,13952,10.49444580078125,104.5506591796875,9.96247550031697,same_output/05.html
same_output,6,18,49,11984,14816,10.57440185546875,104.60272216796876,9.892069887042501,same_output/06.html
same_output,7,12,17,11957,10612,10.5721435546875,104.4708251953125,9.881707021372407,same_output/07.html
same_output,8,27,48,14599,12253,10.55267333984375,104.17333984375,9.871748749240869,same_output/08.html
same_output,9,9,19,10045,12599,10.62603759765625,104.29354858398438,9.814904909332155,same_output/09.html
same_output,10,12,25,12941,12555,10.5596923828125,103.6302490234375,9.813756430264146,same_output/10.html
same_output,11,10,14,10457,11695,10.616943359375,104.1409912109375,9.808942902476602,same_output/11.html
same_output,12,9,14,11265,11417,10.549560546875,103.08990478515624,9.77196200041656,same_output/12.html
same_output,13,5,5,7173,13101,9.85369873046875,93.89508056640624,9.528917326858394,same_output/13.html
same_output,14,8,15,11479,14016,11.33392333984375,107.49835205078124,9.484654944936588,same_output/14.html
same_output,15,6,6,10610,14600,11.3243408203125,107.156005859375,9.462449740753916,same_output/15.html
same_output,16,2,3,12111,11505,11.4248046875,105.42974853515625,9.228144499529874,same_output/16.html
same_output,17,2,2,13541,11952,10.7232666015625,91.94995117187501,8.574807900278902,same_output/17.html
same_output,18,5,6,13430,13123,11.445556640625,95.11968994140624,8.31062157377189,same_output/18.html
same_output,19,15,33,11442,13674,27.10205078125,216.53649902343753,7.989672101612468,same_output/19.html
same_output,20,5,7,14326,16380,27.1414794921875,215.95373535156247,7.95659409111148,same_output/20.html
same_query,1,1,48,15090,19477,44.37683105468751,45.52337646484375,1.0258365769458235,same_query/01.html
same_query,2,1,26,13569,10142,13.29925537109375,16.88067626953125,1.269294843846807,same_query/02.html
same_query,3,1,22,12104,10153,45.81970214843751,46.85681152343751,1.0226345726046009,same_query/03.html
same_query,4,1,22,15735,15338,7.027587890625,7.33880615234375,1.0442852179954838,same_query/04.html
same_query,5,1,20,12487,10574,12.44549560546875,13.13916015625,1.0557361934607443,same_query/05.html
same_query,6,1,20,12516,11361,7.81414794921875,8.20819091796875,1.0504268630835683,same_query/06.html
same_query,7,1,19,16743,18816,9.80474853515625,10.30865478515625,1.0513941023773508,same_query/07.html
same_query,8,1,18,16777,15284,44.74298095703125,45.79040527343751,1.0234098018058329,same_query/08.html
same_query,9,1,18,18388,18539,40.51239013671875,40.97039794921875,1.0113053762306876,same_query/09.html
same_query,10,1,17,11022,10134,34.56622314453125,36.37286376953125,1.0522660696092228,same_query/10.html
same_query,11,1,17,16157,16337,35.2364501953125,35.86602783203125,1.0178672265006565,same_query/11.html
same_query,12,1,16,12055,10414,11.10748291015625,11.8260498046875,1.064692144957002,same_query/12.html
same_query,13,1,16,15475,10261,26.6356201171875,27.3355712890625,1.0262787638806776,same_query/13.html
same_query,14,1,16,14428,10421,6.53753662109375,6.9322509765625,1.0603766186479446,same_query/14.html
same_query,15,1,16,15623,18038,33.62969970703125,34.24237060546875,1.0182181495456353,same_query/15.html
same_query,16,1,15,11299,10025,91.2384033203125,94.59149169921875,1.0367508445663445,same_query/16.html
same_query,17,1,15,14072,10271,217.35290527343753,219.59710693359372,1.010325151427504,same_query/17.html
same_query,18,1,15,11390,18237,6.607177734375,7.04248046875,1.0658833093153013,same_query/18.html
same_query,19,1,15,15333,15416,0.51513671875,0.531982421875,1.0327014218009478,same_query/19.html
same_query,20,1,14,10021,10299,30.6641845703125,31.1510009765625,1.01587573297877,same_query/20.html
